product_title,product_url,price,rating,trend_score,country,amazon_market_type,category
The Eskimo Blanket Hoodie Sweatshirt Hooded Blankets Super Soft Warm Premium Sherpa Fleece – Oversized Adults One Size Fits All Unisex Mens Women Hoody Jumper Sweater,https://www.amazon.co.uk/sspa/click?ie=UTF8&spc=MTo0MzIxMjMxODAwMTQ5NjMwOjE3NzA3MDIwNjE6c3BfYXRmOjMwMDA4NzI2MTE1NDQzMjo6MDo6&url=%2FEskimo-Blanket-Sweatshirt-Snug-Rug%2Fdp%2FB08P1Z6M2M%2Fref%3Dsr_1_1_sspa%3Fdib%3DeyJ2IjoiMSJ9.cD9e_rphmagbwEdXVwpjZppsGvT3xxqY0a0uj4tCAc28dpikEZ2LSWjI69pN0TmOUzCX0TNFIy13lhYiiabkwAWV9Ndd4pejz5nMuVxwutI3igBPS_oJJXmcrB2OONLakzICjYngVkEIiemRd33Svl_6JORN4js3jlQRG6nAt4Dse-M8CtKTIuCdRr8jERP9bCpZAOBB0Vb9LAUFwFvBF28FjMA2VG5g4WJr-KC1cNfLH07-uZe0GbuTswpcDbBAVaEsJsxENfldwtdNKX72FYmNEt7xYCm0_jBLbMXKRt0.tRgY07eU66VzYJ-_fCiKHOe26RT4O7zqKUZ0X7aRM8c%26dib_tag%3Dse%26keywords%3DIcelandic%2BHoodies%26qid%3D1770702061%26sr%3D8-1-spons%26aref%3DpMDSoiOFac%26sp_csd%3Dd2lkZ2V0TmFtZT1zcF9hdGY%26psc%3D1&aref=pMDSoiOFac&sp_cr=ZAZ,£34.99,4.6,100,Iceland,regional,Inferred from Query
Brynjudalur Hooded Icelandic Wool Jumper with Traditional Pattern and Zip,https://www.amazon.co.uk/sspa/click?ie=UTF8&spc=MTo0MzIxMjMxODAwMTQ5NjMwOjE3NzA3MDIwNjE6c3BfYXRmOjMwMDc4MDgxMDE0NTkzMjo6MDo6&url=%2FICEWEAR-Brynjudalur-Icelandic-Traditional-Pattern%2Fdp%2FB0DYVN8DPC%2Fref%3Dsr_1_2_sspa%3Fdib%3DeyJ2IjoiMSJ9.cD9e_rphmagbwEdXVwpjZppsGvT3xxqY0a0uj4tCAc28dpikEZ2LSWjI69pN0TmOUzCX0TNFIy13lhYiiabkwAWV9Ndd4pejz5nMuVxwutI3igBPS_oJJXmcrB2OONLakzICjYngVkEIiemRd33Svl_6JORN4js3jlQRG6nAt4Dse-M8CtKTIuCdRr8jERP9bCpZAOBB0Vb9LAUFwFvBF28FjMA2VG5g4WJr-KC1cNfLH07-uZe0GbuTswpcDbBAVaEsJsxENfldwtdNKX72FYmNEt7xYCm0_jBLbMXKRt0.tRgY07eU66VzYJ-_fCiKHOe26RT4O7zqKUZ0X7aRM8c%26dib_tag%3Dse%26keywords%3DIcelandic%2BHoodies%26qid%3D1770702061%26sr%3D8-2-spons%26aref%3DKhVSfeVuKM%26sp_csd%3Dd2lkZ2V0TmFtZT1zcF9hdGY%26psc%3D1&aref=KhVSfeVuKM&sp_cr=ZAZ,£169.00,,95,Iceland,regional,Inferred from Query
Brynjudalur Icelandic Wool Jumper,https://www.amazon.co.uk/sspa/click?ie=UTF8&spc=MTo0MzIxMjMxODAwMTQ5NjMwOjE3NzA3MDIwNjE6c3BfYXRmOjMwMDc4MDc3MDM0NTkzMjo6MDo6&url=%2FICEWEAR-Brynjudalur-Icelandic-Jumper-Light%2Fdp%2FB0DYVGX8C1%2Fref%3Dsr_1_3_sspa%3Fdib%3DeyJ2IjoiMSJ9.cD9e_rphmagbwEdXVwpjZppsGvT3xxqY0a0uj4tCAc28dpikEZ2LSWjI69pN0TmOUzCX0TNFIy13lhYiiabkwAWV9Ndd4pejz5nMuVxwutI3igBPS_oJJXmcrB2OONLakzICjYngVkEIiemRd33Svl_6JORN4js3jlQRG6nAt4Dse-M8CtKTIuCdRr8jERP9bCpZAOBB0Vb9LAUFwFvBF28FjMA2VG5g4WJr-KC1cNfLH07-uZe0GbuTswpcDbBAVaEsJsxENfldwtdNKX72FYmNEt7xYCm0_jBLbMXKRt0.tRgY07eU66VzYJ-_fCiKHOe26RT4O7zqKUZ0X7aRM8c%26dib_tag%3Dse%26keywords%3DIcelandic%2BHoodies%26qid%3D1770702061%26sr%3D8-3-spons%26aref%3D2rsb96Xm1O%26sp_csd%3Dd2lkZ2V0TmFtZT1zcF9hdGY%26psc%3D1&aref=2rsb96Xm1O&sp_cr=ZAZ,£139.00,,90,Iceland,regional,Inferred from Query
I Don't Know Icelandic Iceland Pullover Hoodie,https://www.amazon.co.uk/Dont-Icelandic-Iceland-Pullover-Hoodie/dp/B0CXXCH3M3/ref=sr_1_4?dib=eyJ2IjoiMSJ9.cD9e_rphmagbwEdXVwpjZppsGvT3xxqY0a0uj4tCAc28dpikEZ2LSWjI69pN0TmOUzCX0TNFIy13lhYiiabkwAWV9Ndd4pejz5nMuVxwutI3igBPS_oJJXmcrB2OONLakzICjYngVkEIiemRd33Svl_6JORN4js3jlQRG6nAt4Dse-M8CtKTIuCdRr8jERP9bCpZAOBB0Vb9LAUFwFvBF28FjMA2VG5g4WJr-KC1cNfLH07-uZe0GbuTswpcDbBAVaEsJsxENfldwtdNKX72FYmNEt7xYCm0_jBLbMXKRt0.tRgY07eU66VzYJ-_fCiKHOe26RT4O7zqKUZ0X7aRM8c&dib_tag=se&keywords=Icelandic+Hoodies&qid=1770702061&sr=8-4,£28.99,,85,Iceland,regional,Inferred from Query
Funny Icelandic Zip Hoodie,https://www.amazon.co.uk/Rude-Icelandic-Gifts-Funny-Hoodie/dp/B0BZQGNQN9/ref=sr_1_5?dib=eyJ2IjoiMSJ9.cD9e_rphmagbwEdXVwpjZppsGvT3xxqY0a0uj4tCAc28dpikEZ2LSWjI69pN0TmOUzCX0TNFIy13lhYiiabkwAWV9Ndd4pejz5nMuVxwutI3igBPS_oJJXmcrB2OONLakzICjYngVkEIiemRd33Svl_6JORN4js3jlQRG6nAt4Dse-M8CtKTIuCdRr8jERP9bCpZAOBB0Vb9LAUFwFvBF28FjMA2VG5g4WJr-KC1cNfLH07-uZe0GbuTswpcDbBAVaEsJsxENfldwtdNKX72FYmNEt7xYCm0_jBLbMXKRt0.tRgY07eU66VzYJ-_fCiKHOe26RT4O7zqKUZ0X7aRM8c&dib_tag=se&keywords=Icelandic+Hoodies&qid=1770702061&sr=8-5,£28.99,,80,Iceland,regional,Inferred from Query
I Don't Speak Icelandic Iceland Zip Hoodie,https://www.amazon.co.uk/Dont-Speak-Icelandic-Iceland-Hoodie/dp/B0CXXBRYWF/ref=sr_1_6?dib=eyJ2IjoiMSJ9.cD9e_rphmagbwEdXVwpjZppsGvT3xxqY0a0uj4tCAc28dpikEZ2LSWjI69pN0TmOUzCX0TNFIy13lhYiiabkwAWV9Ndd4pejz5nMuVxwutI3igBPS_oJJXmcrB2OONLakzICjYngVkEIiemRd33Svl_6JORN4js3jlQRG6nAt4Dse-M8CtKTIuCdRr8jERP9bCpZAOBB0Vb9LAUFwFvBF28FjMA2VG5g4WJr-KC1cNfLH07-uZe0GbuTswpcDbBAVaEsJsxENfldwtdNKX72FYmNEt7xYCm0_jBLbMXKRt0.tRgY07eU66VzYJ-_fCiKHOe26RT4O7zqKUZ0X7aRM8c&dib_tag=se&keywords=Icelandic+Hoodies&qid=1770702061&sr=8-6,£29.99,,75,Iceland,regional,Inferred from Query
Its an Icelandic Thing You Wouldn't Understand Men and Women Pullover Hoodie,https://www.amazon.co.uk/Icelandic-Wouldnt-Understand-Pullover-Hoodie/dp/B0G46628S1/ref=sr_1_7?dib=eyJ2IjoiMSJ9.cD9e_rphmagbwEdXVwpjZppsGvT3xxqY0a0uj4tCAc28dpikEZ2LSWjI69pN0TmOUzCX0TNFIy13lhYiiabkwAWV9Ndd4pejz5nMuVxwutI3igBPS_oJJXmcrB2OONLakzICjYngVkEIiemRd33Svl_6JORN4js3jlQRG6nAt4Dse-M8CtKTIuCdRr8jERP9bCpZAOBB0Vb9LAUFwFvBF28FjMA2VG5g4WJr-KC1cNfLH07-uZe0GbuTswpcDbBAVaEsJsxENfldwtdNKX72FYmNEt7xYCm0_jBLbMXKRt0.tRgY07eU66VzYJ-_fCiKHOe26RT4O7zqKUZ0X7aRM8c&dib_tag=se&keywords=Icelandic+Hoodies&qid=1770702061&sr=8-7,£27.99,,70,Iceland,regional,Inferred from Query
Icelandic Map Fire Ice Northern Lights Icelandic Souvenir Pullover Hoodie,https://www.amazon.co.uk/Iceland-Northern-Icelandic-Souvenir-Pullover/dp/B0BGF9PM7C/ref=sr_1_8?dib=eyJ2IjoiMSJ9.cD9e_rphmagbwEdXVwpjZppsGvT3xxqY0a0uj4tCAc28dpikEZ2LSWjI69pN0TmOUzCX0TNFIy13lhYiiabkwAWV9Ndd4pejz5nMuVxwutI3igBPS_oJJXmcrB2OONLakzICjYngVkEIiemRd33Svl_6JORN4js3jlQRG6nAt4Dse-M8CtKTIuCdRr8jERP9bCpZAOBB0Vb9LAUFwFvBF28FjMA2VG5g4WJr-KC1cNfLH07-uZe0GbuTswpcDbBAVaEsJsxENfldwtdNKX72FYmNEt7xYCm0_jBLbMXKRt0.tRgY07eU66VzYJ-_fCiKHOe26RT4O7zqKUZ0X7aRM8c&dib_tag=se&keywords=Icelandic+Hoodies&qid=1770702061&sr=8-8,£28.99,5.0,65,Iceland,regional,Inferred from Query
Iceland Icelandic Flag Icelandic Roots Icelandic Pride Pullover Hoodie,https://www.amazon.co.uk/Iceland-Icelandic-Roots-Pullover-Hoodie/dp/B0FZXHVYCS/ref=sr_1_9?dib=eyJ2IjoiMSJ9.cD9e_rphmagbwEdXVwpjZppsGvT3xxqY0a0uj4tCAc28dpikEZ2LSWjI69pN0TmOUzCX0TNFIy13lhYiiabkwAWV9Ndd4pejz5nMuVxwutI3igBPS_oJJXmcrB2OONLakzICjYngVkEIiemRd33Svl_6JORN4js3jlQRG6nAt4Dse-M8CtKTIuCdRr8jERP9bCpZAOBB0Vb9LAUFwFvBF28FjMA2VG5g4WJr-KC1cNfLH07-uZe0GbuTswpcDbBAVaEsJsxENfldwtdNKX72FYmNEt7xYCm0_jBLbMXKRt0.tRgY07eU66VzYJ-_fCiKHOe26RT4O7zqKUZ0X7aRM8c&dib_tag=se&keywords=Icelandic+Hoodies&qid=1770702061&sr=8-9,£28.99,,60,Iceland,regional,Inferred from Query
Pullover Hoodie,https://www.amazon.co.uk/Icelandic-Flag-Pullover-Hoodie/dp/B0B9JL2CKR/ref=sr_1_10?dib=eyJ2IjoiMSJ9.cD9e_rphmagbwEdXVwpjZppsGvT3xxqY0a0uj4tCAc28dpikEZ2LSWjI69pN0TmOUzCX0TNFIy13lhYiiabkwAWV9Ndd4pejz5nMuVxwutI3igBPS_oJJXmcrB2OONLakzICjYngVkEIiemRd33Svl_6JORN4js3jlQRG6nAt4Dse-M8CtKTIuCdRr8jERP9bCpZAOBB0Vb9LAUFwFvBF28FjMA2VG5g4WJr-KC1cNfLH07-uZe0GbuTswpcDbBAVaEsJsxENfldwtdNKX72FYmNEt7xYCm0_jBLbMXKRt0.tRgY07eU66VzYJ-_fCiKHOe26RT4O7zqKUZ0X7aRM8c&dib_tag=se&keywords=Icelandic+Hoodies&qid=1770702061&sr=8-10,£26.99,,55,Iceland,regional,Inferred from Query
"Natural Gemstone Bracelet – Green Aventurine, Black Lava Rock & Red Tiger Eye Healing Crystal Beaded Bracelet for Men & Women – Chakra Energy, Meditation & Yoga Jewelry",https://www.amazon.co.uk/sspa/click?ie=UTF8&spc=MTozNjc0MTIwNzU0MzM1MTQzOjE3NzA3MDIwNjk6c3BfYXRmOjMwMDY4OTU4NzUwODYzMjo6MDo6&url=%2FLava-Stone-Bracelet-Volcanic-Essential%2Fdp%2FB0FHYPTWSQ%2Fref%3Dsr_1_1_sspa%3Fdib%3DeyJ2IjoiMSJ9.z-eQoOtecv7393JGfnadBb_lmoKhHrGM7C8Q6MGr7mNTInX3vdONildemeCl8guiGoMyA2RF7WuShhOHa18htZYNu__4hF1Y7oHTu8eMwz2aSayPosaGHLAoJPcZ04RzBd16csf7UN0oHE-PxvaXfIPW5qbShER6lw9teP8QReTJQCYyPmmx7N-BCaIhoImbeUeQRjzyqrqHPQNT9rFXOP9r9dBFKgX63qV1gNWtUq2Mt28mrrFsyVzMHeP2KAC4nGCk5eDSlcfwQA9CJlF4gXxv92tXN41DsrkEpyMkcds.ZKE-idUT3JU-jXScOAgYQz4U66zxUhbldV2MuHbLI3M%26dib_tag%3Dse%26keywords%3DVolcanic%2BJewelry%26qid%3D1770702069%26sr%3D8-1-spons%26aref%3D4KAOWbSVKT%26sp_csd%3Dd2lkZ2V0TmFtZT1zcF9hdGY%26psc%3D1&aref=4KAOWbSVKT&sp_cr=ZAZ,£5.99,4.3,100,Iceland,regional,Inferred from Query
"Protection Crystals Mens Bracelet Tiger Eye, Natural Stone Multicolored Tiger Eye Bracelet for Men, HASKARE Healing Crystals Unique Energy Beads Bracelet Gift for Men Jewelry Trendy Spiritual Relief",https://www.amazon.co.uk/sspa/click?ie=UTF8&spc=MTozNjc0MTIwNzU0MzM1MTQzOjE3NzA3MDIwNjk6c3BfYXRmOjMwMDEzODQzODY3ODEzMjo6MDo6&url=%2FProtection-Crystals-Multicolored-HASKARE-Spiritual%2Fdp%2FB0CQZJ8XDK%2Fref%3Dsr_1_2_sspa%3Fdib%3DeyJ2IjoiMSJ9.z-eQoOtecv7393JGfnadBb_lmoKhHrGM7C8Q6MGr7mNTInX3vdONildemeCl8guiGoMyA2RF7WuShhOHa18htZYNu__4hF1Y7oHTu8eMwz2aSayPosaGHLAoJPcZ04RzBd16csf7UN0oHE-PxvaXfIPW5qbShER6lw9teP8QReTJQCYyPmmx7N-BCaIhoImbeUeQRjzyqrqHPQNT9rFXOP9r9dBFKgX63qV1gNWtUq2Mt28mrrFsyVzMHeP2KAC4nGCk5eDSlcfwQA9CJlF4gXxv92tXN41DsrkEpyMkcds.ZKE-idUT3JU-jXScOAgYQz4U66zxUhbldV2MuHbLI3M%26dib_tag%3Dse%26keywords%3DVolcanic%2BJewelry%26qid%3D1770702069%26sr%3D8-2-spons%26aref%3DkGeTMddgZA%26sp_csd%3Dd2lkZ2V0TmFtZT1zcF9hdGY%26psc%3D1&aref=kGeTMddgZA&sp_cr=ZAZ,£44.99,4.7,95,Iceland,regional,Inferred from Query
"Black Dumbbell Bracelet,Volcanic Lava Elastic Natural Stone Bead Bracelet, Stainless Steel Barbell Jewelry for Fitness Men, Jewelry Gifts for Fitness Yoga Men and Women",https://www.amazon.co.uk/sspa/click?ie=UTF8&spc=MTozNjc0MTIwNzU0MzM1MTQzOjE3NzA3MDIwNjk6c3BfYXRmOjMwMDgyODg2MzczOTczMjo6MDo6&url=%2FJYTDBCS-Dumbbell-Bracelet-Volcanic-Stainless%2Fdp%2FB0DCG3XF1Q%2Fref%3Dsr_1_3_sspa%3Fdib%3DeyJ2IjoiMSJ9.z-eQoOtecv7393JGfnadBb_lmoKhHrGM7C8Q6MGr7mNTInX3vdONildemeCl8guiGoMyA2RF7WuShhOHa18htZYNu__4hF1Y7oHTu8eMwz2aSayPosaGHLAoJPcZ04RzBd16csf7UN0oHE-PxvaXfIPW5qbShER6lw9teP8QReTJQCYyPmmx7N-BCaIhoImbeUeQRjzyqrqHPQNT9rFXOP9r9dBFKgX63qV1gNWtUq2Mt28mrrFsyVzMHeP2KAC4nGCk5eDSlcfwQA9CJlF4gXxv92tXN41DsrkEpyMkcds.ZKE-idUT3JU-jXScOAgYQz4U66zxUhbldV2MuHbLI3M%26dib_tag%3Dse%26keywords%3DVolcanic%2BJewelry%26qid%3D1770702069%26sr%3D8-3-spons%26aref%3DyeQF39tTMk%26sp_csd%3Dd2lkZ2V0TmFtZT1zcF9hdGY%26psc%3D1&aref=yeQF39tTMk&sp_cr=ZAZ,£4.99,4.5,90,Iceland,regional,Inferred from Query
"Natural Gemstone Bracelet – Green Aventurine, Black Lava Rock & Red Tiger Eye Healing Crystal Beaded Bracelet for Men & Women – Chakra Energy, Meditation & Yoga Jewelry",https://www.amazon.co.uk/Lava-Stone-Bracelet-Volcanic-Essential/dp/B0FHYPTWSQ/ref=sr_1_4?dib=eyJ2IjoiMSJ9.z-eQoOtecv7393JGfnadBb_lmoKhHrGM7C8Q6MGr7mNTInX3vdONildemeCl8guiGoMyA2RF7WuShhOHa18htZYNu__4hF1Y7oHTu8eMwz2aSayPosaGHLAoJPcZ04RzBd16csf7UN0oHE-PxvaXfIPW5qbShER6lw9teP8QReTJQCYyPmmx7N-BCaIhoImbeUeQRjzyqrqHPQNT9rFXOP9r9dBFKgX63qV1gNWtUq2Mt28mrrFsyVzMHeP2KAC4nGCk5eDSlcfwQA9CJlF4gXxv92tXN41DsrkEpyMkcds.ZKE-idUT3JU-jXScOAgYQz4U66zxUhbldV2MuHbLI3M&dib_tag=se&keywords=Volcanic+Jewelry&qid=1770702069&sr=8-4,£5.99,4.3,85,Iceland,regional,Inferred from Query
Obsidian & Lava Stone Designs Men’s Necklace Bold Black Volcanic Rock Accessories Masculine Beaded Jewelry Collection Gift for Men Women,https://www.amazon.co.uk/COLORFUL-BLING-Accessories-Masculine-Collection/dp/B0FF9S9TP1/ref=sr_1_5?dib=eyJ2IjoiMSJ9.z-eQoOtecv7393JGfnadBb_lmoKhHrGM7C8Q6MGr7mNTInX3vdONildemeCl8guiGoMyA2RF7WuShhOHa18htZYNu__4hF1Y7oHTu8eMwz2aSayPosaGHLAoJPcZ04RzBd16csf7UN0oHE-PxvaXfIPW5qbShER6lw9teP8QReTJQCYyPmmx7N-BCaIhoImbeUeQRjzyqrqHPQNT9rFXOP9r9dBFKgX63qV1gNWtUq2Mt28mrrFsyVzMHeP2KAC4nGCk5eDSlcfwQA9CJlF4gXxv92tXN41DsrkEpyMkcds.ZKE-idUT3JU-jXScOAgYQz4U66zxUhbldV2MuHbLI3M&dib_tag=se&keywords=Volcanic+Jewelry&qid=1770702069&sr=8-5,£6.49,,80,Iceland,regional,Inferred from Query
"Volcanic Rocks Pendant Necklace Anti-EMF Radiation Protection Pendant Scales Biological Science Negative Ions, Volcanic Rocks, Volcanic Rocks",https://www.amazon.co.uk/Junterone-Volcanic-Radiation-Protection-Biological/dp/B0D76F8PZF/ref=sr_1_6?dib=eyJ2IjoiMSJ9.z-eQoOtecv7393JGfnadBb_lmoKhHrGM7C8Q6MGr7mNTInX3vdONildemeCl8guiGoMyA2RF7WuShhOHa18htZYNu__4hF1Y7oHTu8eMwz2aSayPosaGHLAoJPcZ04RzBd16csf7UN0oHE-PxvaXfIPW5qbShER6lw9teP8QReTJQCYyPmmx7N-BCaIhoImbeUeQRjzyqrqHPQNT9rFXOP9r9dBFKgX63qV1gNWtUq2Mt28mrrFsyVzMHeP2KAC4nGCk5eDSlcfwQA9CJlF4gXxv92tXN41DsrkEpyMkcds.ZKE-idUT3JU-jXScOAgYQz4U66zxUhbldV2MuHbLI3M&dib_tag=se&keywords=Volcanic+Jewelry&qid=1770702069&sr=8-6,£9.60,,75,Iceland,regional,Inferred from Query
"Crystal Healing Bracelets for Women,8mm Natural Stone Reiki Gemstone Beaded Bracelet Womens Mens Jewellery Gifts Birthday Christmas",https://www.amazon.co.uk/Jovivi-Diffuser-Bracelet-Essential-Jewellery/dp/B073H3GC2Q/ref=sr_1_7?dib=eyJ2IjoiMSJ9.z-eQoOtecv7393JGfnadBb_lmoKhHrGM7C8Q6MGr7mNTInX3vdONildemeCl8guiGoMyA2RF7WuShhOHa18htZYNu__4hF1Y7oHTu8eMwz2aSayPosaGHLAoJPcZ04RzBd16csf7UN0oHE-PxvaXfIPW5qbShER6lw9teP8QReTJQCYyPmmx7N-BCaIhoImbeUeQRjzyqrqHPQNT9rFXOP9r9dBFKgX63qV1gNWtUq2Mt28mrrFsyVzMHeP2KAC4nGCk5eDSlcfwQA9CJlF4gXxv92tXN41DsrkEpyMkcds.ZKE-idUT3JU-jXScOAgYQz4U66zxUhbldV2MuHbLI3M&dib_tag=se&keywords=Volcanic+Jewelry&qid=1770702069&sr=8-7,£5.99,4.2,70,Iceland,regional,Inferred from Query
"2pcs Protective Bracelet, Triple Protective Energy Bracelet Tiger Eye Red Agate Hematite Volcanic Obsidian Stone Manifestation Jewelry for Good Luck Happiness Women Men Gift",https://www.amazon.co.uk/Mikovivi-Protective-Bracelet-Manifestation-Happiness/dp/B0FMQQXSLS/ref=sr_1_8?dib=eyJ2IjoiMSJ9.z-eQoOtecv7393JGfnadBb_lmoKhHrGM7C8Q6MGr7mNTInX3vdONildemeCl8guiGoMyA2RF7WuShhOHa18htZYNu__4hF1Y7oHTu8eMwz2aSayPosaGHLAoJPcZ04RzBd16csf7UN0oHE-PxvaXfIPW5qbShER6lw9teP8QReTJQCYyPmmx7N-BCaIhoImbeUeQRjzyqrqHPQNT9rFXOP9r9dBFKgX63qV1gNWtUq2Mt28mrrFsyVzMHeP2KAC4nGCk5eDSlcfwQA9CJlF4gXxv92tXN41DsrkEpyMkcds.ZKE-idUT3JU-jXScOAgYQz4U66zxUhbldV2MuHbLI3M&dib_tag=se&keywords=Volcanic+Jewelry&qid=1770702069&sr=8-8,£2.73,,65,Iceland,regional,Inferred from Query
"Dumbbell Bracelet for Men,Lava Beads Dumbbell Bracelet,Natural Volcanic Stone Bracelet Anxiety Bead Bracelet Yoga Beads Elastic Jewelry Set for Women Men",https://www.amazon.co.uk/Dumbbell-Bracelet-Natural-Volcanic-Anxiety/dp/B0DJVRZ2HG/ref=sr_1_9?dib=eyJ2IjoiMSJ9.z-eQoOtecv7393JGfnadBb_lmoKhHrGM7C8Q6MGr7mNTInX3vdONildemeCl8guiGoMyA2RF7WuShhOHa18htZYNu__4hF1Y7oHTu8eMwz2aSayPosaGHLAoJPcZ04RzBd16csf7UN0oHE-PxvaXfIPW5qbShER6lw9teP8QReTJQCYyPmmx7N-BCaIhoImbeUeQRjzyqrqHPQNT9rFXOP9r9dBFKgX63qV1gNWtUq2Mt28mrrFsyVzMHeP2KAC4nGCk5eDSlcfwQA9CJlF4gXxv92tXN41DsrkEpyMkcds.ZKE-idUT3JU-jXScOAgYQz4U66zxUhbldV2MuHbLI3M&dib_tag=se&keywords=Volcanic+Jewelry&qid=1770702069&sr=8-9,£3.37,,60,Iceland,regional,Inferred from Query
"6mm Boho Natural Blue Turquoises Beads Bracelet Men Cross Pendant Black Volcanic Stone Strand Bracelets for Women Charm Jewelry,Matte Black",https://www.amazon.co.uk/PRAK-Turquoises-Bracelet-Volcanic-Bracelets/dp/B08F24BVVV/ref=sr_1_10?dib=eyJ2IjoiMSJ9.z-eQoOtecv7393JGfnadBb_lmoKhHrGM7C8Q6MGr7mNTInX3vdONildemeCl8guiGoMyA2RF7WuShhOHa18htZYNu__4hF1Y7oHTu8eMwz2aSayPosaGHLAoJPcZ04RzBd16csf7UN0oHE-PxvaXfIPW5qbShER6lw9teP8QReTJQCYyPmmx7N-BCaIhoImbeUeQRjzyqrqHPQNT9rFXOP9r9dBFKgX63qV1gNWtUq2Mt28mrrFsyVzMHeP2KAC4nGCk5eDSlcfwQA9CJlF4gXxv92tXN41DsrkEpyMkcds.ZKE-idUT3JU-jXScOAgYQz4U66zxUhbldV2MuHbLI3M&dib_tag=se&keywords=Volcanic+Jewelry&qid=1770702069&sr=8-10,£4.59,3.8,55,Iceland,regional,Inferred from Query
"Easter Hunt, Perfect Easter Chocolate Gift for Kids",https://www.amazon.co.uk/NOMO-Easter-Hunt-Perfect-Chocolate/dp/B0DX2LQTT3/ref=sr_1_1_uk_f3_0o_morri?dib=eyJ2IjoiMSJ9.KDkWbTv79Yb0qJRJHX0jdJwo8oKaF1wR_gKhf3ocN_Os1WHdr-7XL5WwDFwJ4LJsOwsm7leU3DKvxLJ8rmjQhWzGxWQOU0VLARQNWShPupasnrUyGlySSRwqB6pVOrrzaXifOujY6XEIoStERCaD3ZFDtgaf_IRyr77wlK03XwZe9er39p6ryCKyUpRa7WIVmDgJCSKPdvUAjPav-dvZkmN9BA1z1QgWAeK5K6HsULQ.DVzdHE1L77JZFEnmZplD9Tjn-LkU1ECa5YeEb6qjnhg&dib_tag=se&keywords=Omnom+Chocolate&qid=1770702075&sr=8-1,£4.75,5.0,100,Iceland,regional,Inferred from Query
"Vegan Chocolate - Ombar Coco M’lk 55% Cacao Chocolate (35g x 10 Bars) Organic, Fair Trade, Dairy Free and Gluten Free Chocolate",https://www.amazon.co.uk/sspa/click?ie=UTF8&spc=MTo2ODgxNzUxOTM0MjI1MTk5OjE3NzA3MDIwNzU6c3BfYXRmOjIwMTEyMjI5NDgzNTk4OjowOjo&url=%2FVegan-Chocolate-Ombar-Organic-Gluten%2Fdp%2FB0BQWMV84R%2Fref%3Dsr_1_2_sspa%3Fdib%3DeyJ2IjoiMSJ9.KDkWbTv79Yb0qJRJHX0jdJwo8oKaF1wR_gKhf3ocN_Os1WHdr-7XL5WwDFwJ4LJsOwsm7leU3DKvxLJ8rmjQhWzGxWQOU0VLARQNWShPupasnrUyGlySSRwqB6pVOrrzaXifOujY6XEIoStERCaD3ZFDtgaf_IRyr77wlK03XwZe9er39p6ryCKyUpRa7WIVmDgJCSKPdvUAjPav-dvZkmN9BA1z1QgWAeK5K6HsULQ.DVzdHE1L77JZFEnmZplD9Tjn-LkU1ECa5YeEb6qjnhg%26dib_tag%3Dse%26keywords%3DOmnom%2BChocolate%26qid%3D1770702075%26sr%3D8-2-spons%26aref%3DhNQr5j3vYx%26sp_csd%3Dd2lkZ2V0TmFtZT1zcF9hdGY%26psc%3D1&aref=hNQr5j3vYx&sp_cr=ZAZ,£23.00,4.1,95,Iceland,regional,Inferred from Query
100% sugar free bars of Pure Peruvian Chocolate x 3 or 6 (3 Bars),https://www.amazon.co.uk/sspa/click?ie=UTF8&spc=MTo2ODgxNzUxOTM0MjI1MTk5OjE3NzA3MDIwNzU6c3BfYXRmOjMwMDkxOTUxNDMwNTczMjo6MDo6&url=%2F100-sugar-free-Peruvian-Chocolate%2Fdp%2FB0G2CWL3V8%2Fref%3Dsr_1_3_sspa%3Fdib%3DeyJ2IjoiMSJ9.KDkWbTv79Yb0qJRJHX0jdJwo8oKaF1wR_gKhf3ocN_Os1WHdr-7XL5WwDFwJ4LJsOwsm7leU3DKvxLJ8rmjQhWzGxWQOU0VLARQNWShPupasnrUyGlySSRwqB6pVOrrzaXifOujY6XEIoStERCaD3ZFDtgaf_IRyr77wlK03XwZe9er39p6ryCKyUpRa7WIVmDgJCSKPdvUAjPav-dvZkmN9BA1z1QgWAeK5K6HsULQ.DVzdHE1L77JZFEnmZplD9Tjn-LkU1ECa5YeEb6qjnhg%26dib_tag%3Dse%26keywords%3DOmnom%2BChocolate%26qid%3D1770702075%26sr%3D8-3-spons%26aref%3DRUsumeG3gi%26sp_csd%3Dd2lkZ2V0TmFtZT1zcF9hdGY%26psc%3D1&aref=RUsumeG3gi&sp_cr=ZAZ,£14.40,5.0,90,Iceland,regional,Inferred from Query
OMBAR Organic Coco Mylk 35g (PACK OF 10),https://www.amazon.co.uk/OMBAR-Organic-Coco-Mylk-PACK/dp/B00DS6QHCI/ref=sr_1_4?dib=eyJ2IjoiMSJ9.KDkWbTv79Yb0qJRJHX0jdJwo8oKaF1wR_gKhf3ocN_Os1WHdr-7XL5WwDFwJ4LJsOwsm7leU3DKvxLJ8rmjQhWzGxWQOU0VLARQNWShPupasnrUyGlySSRwqB6pVOrrzaXifOujY6XEIoStERCaD3ZFDtgaf_IRyr77wlK03XwZe9er39p6ryCKyUpRa7WIVmDgJCSKPdvUAjPav-dvZkmN9BA1z1QgWAeK5K6HsULQ.DVzdHE1L77JZFEnmZplD9Tjn-LkU1ECa5YeEb6qjnhg&dib_tag=se&keywords=Omnom+Chocolate&qid=1770702075&sr=8-4,£24.88,3.7,85,Iceland,regional,Inferred from Query
"Cocoa Dusted Chocolate Truffles Cat Tin (Violet Rebel - 135g) Choccy Scoffy Flavoured Luxury Chocolatey Truffles - Collectable Cat Tin, Truffles Chocolate Gift Box With Bespoke Design",https://www.amazon.co.uk/Monty-Bojangles-Violet-Rebel-135g/dp/B0DBR7YDG7/ref=sr_1_5?dib=eyJ2IjoiMSJ9.KDkWbTv79Yb0qJRJHX0jdJwo8oKaF1wR_gKhf3ocN_Os1WHdr-7XL5WwDFwJ4LJsOwsm7leU3DKvxLJ8rmjQhWzGxWQOU0VLARQNWShPupasnrUyGlySSRwqB6pVOrrzaXifOujY6XEIoStERCaD3ZFDtgaf_IRyr77wlK03XwZe9er39p6ryCKyUpRa7WIVmDgJCSKPdvUAjPav-dvZkmN9BA1z1QgWAeK5K6HsULQ.DVzdHE1L77JZFEnmZplD9Tjn-LkU1ECa5YeEb6qjnhg&dib_tag=se&keywords=Omnom+Chocolate&qid=1770702075&sr=8-5,£13.00,4.6,80,Iceland,regional,Inferred from Query
"Vegan Chocolate - Ombar Coco M’lk 55% Cacao Chocolate (35g x 10 Bars) Organic, Fair Trade, Dairy Free and Gluten Free Chocolate",https://www.amazon.co.uk/Vegan-Chocolate-Ombar-Organic-Gluten/dp/B0BQWMV84R/ref=sr_1_6?dib=eyJ2IjoiMSJ9.KDkWbTv79Yb0qJRJHX0jdJwo8oKaF1wR_gKhf3ocN_Os1WHdr-7XL5WwDFwJ4LJsOwsm7leU3DKvxLJ8rmjQhWzGxWQOU0VLARQNWShPupasnrUyGlySSRwqB6pVOrrzaXifOujY6XEIoStERCaD3ZFDtgaf_IRyr77wlK03XwZe9er39p6ryCKyUpRa7WIVmDgJCSKPdvUAjPav-dvZkmN9BA1z1QgWAeK5K6HsULQ.DVzdHE1L77JZFEnmZplD9Tjn-LkU1ECa5YeEb6qjnhg&dib_tag=se&keywords=Omnom+Chocolate&qid=1770702075&sr=8-6,£23.00,4.1,75,Iceland,regional,Inferred from Query
"Choccy Balls Case Pack of 12 Giftpacks - Truffle-Style Chocolate Balls with Silky Smooth Centre, Individually Wrapped. No Palm Oil.",https://www.amazon.co.uk/Mummy-Meegz-Choccy-Balls-Giftpacks/dp/B0G3Y17RFH/ref=sr_1_7?dib=eyJ2IjoiMSJ9.KDkWbTv79Yb0qJRJHX0jdJwo8oKaF1wR_gKhf3ocN_Os1WHdr-7XL5WwDFwJ4LJsOwsm7leU3DKvxLJ8rmjQhWzGxWQOU0VLARQNWShPupasnrUyGlySSRwqB6pVOrrzaXifOujY6XEIoStERCaD3ZFDtgaf_IRyr77wlK03XwZe9er39p6ryCKyUpRa7WIVmDgJCSKPdvUAjPav-dvZkmN9BA1z1QgWAeK5K6HsULQ.DVzdHE1L77JZFEnmZplD9Tjn-LkU1ECa5YeEb6qjnhg&dib_tag=se&keywords=Omnom+Chocolate&qid=1770702075&sr=8-7,£54.99,4.5,70,Iceland,regional,Inferred from Query
"100% Cacao Chocolate Bar. Made From Madagascan Cacao, Naturally Rich In Flavonoids & Antioxidants. Bean To Bar Chocolate Suitable For Vegans.",https://www.amazon.co.uk/Chocolate-Madagascan-Naturally-Flavonoids-Antioxidants/dp/B0FJ2L9JSD/ref=sr_1_8?dib=eyJ2IjoiMSJ9.KDkWbTv79Yb0qJRJHX0jdJwo8oKaF1wR_gKhf3ocN_Os1WHdr-7XL5WwDFwJ4LJsOwsm7leU3DKvxLJ8rmjQhWzGxWQOU0VLARQNWShPupasnrUyGlySSRwqB6pVOrrzaXifOujY6XEIoStERCaD3ZFDtgaf_IRyr77wlK03XwZe9er39p6ryCKyUpRa7WIVmDgJCSKPdvUAjPav-dvZkmN9BA1z1QgWAeK5K6HsULQ.DVzdHE1L77JZFEnmZplD9Tjn-LkU1ECa5YeEb6qjnhg&dib_tag=se&keywords=Omnom+Chocolate&qid=1770702075&sr=8-8,£8.50,4.5,65,Iceland,regional,Inferred from Query
"Gifts Diabetic Chocolate Gift Box (14x19g) Crunch Cake Mini Chocolate Keto Snack Bar, Sweet Diabetic Biscuit Food Treats Hamper, 65 Calories, Low Calorie Snack For Women & Men, Fitbakes",https://www.amazon.co.uk/Fitbakes-Diet-Treats-Gift-Box/dp/B0BBFSK836/ref=sr_1_9?dib=eyJ2IjoiMSJ9.KDkWbTv79Yb0qJRJHX0jdJwo8oKaF1wR_gKhf3ocN_Os1WHdr-7XL5WwDFwJ4LJsOwsm7leU3DKvxLJ8rmjQhWzGxWQOU0VLARQNWShPupasnrUyGlySSRwqB6pVOrrzaXifOujY6XEIoStERCaD3ZFDtgaf_IRyr77wlK03XwZe9er39p6ryCKyUpRa7WIVmDgJCSKPdvUAjPav-dvZkmN9BA1z1QgWAeK5K6HsULQ.DVzdHE1L77JZFEnmZplD9Tjn-LkU1ECa5YeEb6qjnhg&dib_tag=se&keywords=Omnom+Chocolate&qid=1770702075&sr=8-9,£22.94,4.1,60,Iceland,regional,Inferred from Query
"Vegan Chocolate - Ombar Oat M'lk Smooth & Creamy (70g x 10 Bars), Organic Fair Trade, Dairy Free and Gluten Free Sustainable Oat Milk Chocolate",https://www.amazon.co.uk/Vegan-Chocolate-Bar-Organic-Original/dp/B09M4QKXM9/ref=sr_1_10?dib=eyJ2IjoiMSJ9.KDkWbTv79Yb0qJRJHX0jdJwo8oKaF1wR_gKhf3ocN_Os1WHdr-7XL5WwDFwJ4LJsOwsm7leU3DKvxLJ8rmjQhWzGxWQOU0VLARQNWShPupasnrUyGlySSRwqB6pVOrrzaXifOujY6XEIoStERCaD3ZFDtgaf_IRyr77wlK03XwZe9er39p6ryCKyUpRa7WIVmDgJCSKPdvUAjPav-dvZkmN9BA1z1QgWAeK5K6HsULQ.DVzdHE1L77JZFEnmZplD9Tjn-LkU1ECa5YeEb6qjnhg&dib_tag=se&keywords=Omnom+Chocolate&qid=1770702075&sr=8-10,£27.50,3.5,55,Iceland,regional,Inferred from Query
"Wireless Earbuds, Bluetooth 5.3 Headphones In Ear with 4 ENC Noise Cancelling Mic, Btootos New Bluetooth Earbuds Mini Deep Bass Stereo Sound, 36H Playtime LED Display Wireless Earphones IP7 Waterproof",https://www.amazon.co.uk/sspa/click?ie=UTF8&spc=MTo3NDIzNzk1MDc2OTc0MDg5OjE3NzA3MDIwNzk6c3BfYXRmOjMwMDU2MjQ4OTcxMjczMjo6MDo6&url=%2FBluetooth-Headphones-Cancelling-Btootos-Waterproof-Black%2Fdp%2FB0BCKHQGJN%2Fref%3Dsr_1_1_sspa%3Fdib%3DeyJ2IjoiMSJ9.wPVSA3PKxnYXl7ztA1_XZrpBMCG8r9sSvlEExsVPc6a0k9S6Nuu9psKt7lqSC-e-2CBkTSN6lCSeR8UOdfccpj3lKKVD8nC9pZhvoTkmIOeR2aFJ7e-xavzDu6RGfIEgw5nQB0Qefl-LS-W5zemFMEJInU6pY1o56ag43Z-aSYCCGUBuJWI21z0S4b2uLs1TeWP9W5mn3s4xf1QpC3aOpxadBGZc0dDp-EjA3DxuQiA.xJ_ZDTwORK5FJP8-K_8OcxaSuBWcJRRZdxHSnr6HZFw%26dib_tag%3Dse%26keywords%3DWireless%2BEarbuds%26qid%3D1770702079%26sr%3D8-1-spons%26aref%3DqWCfuVgu0x%26sp_csd%3Dd2lkZ2V0TmFtZT1zcF9hdGY%26psc%3D1&aref=qWCfuVgu0x&sp_cr=ZAZ,£19.99,4.4,100,Iceland,regional,Inferred from Query
"Wireless Earbuds, Bluetooth 5.4 Headphones in Ear 2025 Wireless Earphones with 4 ENC Mic, Mini Ear buds with HiFi Stereo Deep Bass, 56H Playtime Dual LED Display, Bluetooth Earbud IP7 Waterproof USB-C",https://www.amazon.co.uk/sspa/click?ie=UTF8&spc=MTo3NDIzNzk1MDc2OTc0MDg5OjE3NzA3MDIwNzk6c3BfYXRmOjMwMDgyNjI1MTg5NDMzMjo6MDo6&url=%2FWireless-Bluetooth-Headphones-Earphones-Waterproof-Deep-Black%2Fdp%2FB0G1T73J17%2Fref%3Dsr_1_2_sspa%3Fdib%3DeyJ2IjoiMSJ9.wPVSA3PKxnYXl7ztA1_XZrpBMCG8r9sSvlEExsVPc6a0k9S6Nuu9psKt7lqSC-e-2CBkTSN6lCSeR8UOdfccpj3lKKVD8nC9pZhvoTkmIOeR2aFJ7e-xavzDu6RGfIEgw5nQB0Qefl-LS-W5zemFMEJInU6pY1o56ag43Z-aSYCCGUBuJWI21z0S4b2uLs1TeWP9W5mn3s4xf1QpC3aOpxadBGZc0dDp-EjA3DxuQiA.xJ_ZDTwORK5FJP8-K_8OcxaSuBWcJRRZdxHSnr6HZFw%26dib_tag%3Dse%26keywords%3DWireless%2BEarbuds%26qid%3D1770702079%26sr%3D8-2-spons%26aref%3Drc9POIkxZA%26sp_csd%3Dd2lkZ2V0TmFtZT1zcF9hdGY%26psc%3D1&aref=rc9POIkxZA&sp_cr=ZAZ,£18.98,4.3,95,Iceland,regional,Inferred from Query
"Wireless Earbuds, 2026 3D-Stereo Bluetooth 5.4 Headphones, Ear Buds with 50+Hrs Deep Bass, 4 ENC Call Noise Cancelling Mic Earphones, IP-X7 Waterproof USB-C Headset Android iOS for Sport Gym Running",https://www.amazon.co.uk/sspa/click?ie=UTF8&spc=MTo3NDIzNzk1MDc2OTc0MDg5OjE3NzA3MDIwNzk6c3BfYXRmOjMwMDkyMzY4MTM1MjAzMjo6MDo6&url=%2F3D-Stereo-Bluetooth-Headphones-Cancelling-Waterproof-Black-PRO%2Fdp%2FB0GHPWBNCH%2Fref%3Dsr_1_3_sspa%3Fdib%3DeyJ2IjoiMSJ9.wPVSA3PKxnYXl7ztA1_XZrpBMCG8r9sSvlEExsVPc6a0k9S6Nuu9psKt7lqSC-e-2CBkTSN6lCSeR8UOdfccpj3lKKVD8nC9pZhvoTkmIOeR2aFJ7e-xavzDu6RGfIEgw5nQB0Qefl-LS-W5zemFMEJInU6pY1o56ag43Z-aSYCCGUBuJWI21z0S4b2uLs1TeWP9W5mn3s4xf1QpC3aOpxadBGZc0dDp-EjA3DxuQiA.xJ_ZDTwORK5FJP8-K_8OcxaSuBWcJRRZdxHSnr6HZFw%26dib_tag%3Dse%26keywords%3DWireless%2BEarbuds%26qid%3D1770702079%26sr%3D8-3-spons%26aref%3DnOMiKY19cF%26sp_csd%3Dd2lkZ2V0TmFtZT1zcF9hdGY%26psc%3D1&aref=nOMiKY19cF&sp_cr=ZAZ,£20.99,4.9,90,Iceland,regional,Inferred from Query
"Wireless Earbuds, Sports Bluetooth Headphones, 80Hrs Playtime Ear Buds with LED Power Display, Noise Canceling Headset, IPX7 Waterproof Earphones for Workout/Running",https://www.amazon.co.uk/HAOYUYAN-Bluetooth-Headphones-Canceling-Waterproof-Dark-Black/dp/B0GCFJMQF7/ref=sr_1_4?dib=eyJ2IjoiMSJ9.wPVSA3PKxnYXl7ztA1_XZrpBMCG8r9sSvlEExsVPc6a0k9S6Nuu9psKt7lqSC-e-2CBkTSN6lCSeR8UOdfccpj3lKKVD8nC9pZhvoTkmIOeR2aFJ7e-xavzDu6RGfIEgw5nQB0Qefl-LS-W5zemFMEJInU6pY1o56ag43Z-aSYCCGUBuJWI21z0S4b2uLs1TeWP9W5mn3s4xf1QpC3aOpxadBGZc0dDp-EjA3DxuQiA.xJ_ZDTwORK5FJP8-K_8OcxaSuBWcJRRZdxHSnr6HZFw&dib_tag=se&keywords=Wireless+Earbuds&qid=1770702079&sr=8-4,£19.99,4.7,85,Iceland,regional,Inferred from Query
"Apple AirPods 4 Wireless Earbuds, Bluetooth Headphones, Personalised Spatial Audio, Sweat and Water Resistant, USB-C Charging Case, H2 Chip, Up to 24 Hours of Battery Life, Effortless Setup for iPhone",https://www.amazon.co.uk/Apple-Bluetooth-Headphones-Personalised-Effortless/dp/B0DGHWD7CT/ref=sr_1_5?dib=eyJ2IjoiMSJ9.wPVSA3PKxnYXl7ztA1_XZrpBMCG8r9sSvlEExsVPc6a0k9S6Nuu9psKt7lqSC-e-2CBkTSN6lCSeR8UOdfccpj3lKKVD8nC9pZhvoTkmIOeR2aFJ7e-xavzDu6RGfIEgw5nQB0Qefl-LS-W5zemFMEJInU6pY1o56ag43Z-aSYCCGUBuJWI21z0S4b2uLs1TeWP9W5mn3s4xf1QpC3aOpxadBGZc0dDp-EjA3DxuQiA.xJ_ZDTwORK5FJP8-K_8OcxaSuBWcJRRZdxHSnr6HZFw&dib_tag=se&keywords=Wireless+Earbuds&qid=1770702079&sr=8-5,£99.00,4.5,80,Iceland,regional,Inferred from Query
"Urbanista Palermo ANC Active Noise Cancelling Earbuds, True Wireless In Ear Headphones, Bluetooth Earphones 6.0, 32hr Playtime, Bluetooth Multipoint with Touch Controls, IPX4 Water Resistant - Black",https://www.amazon.co.uk/Urbanista-Cancelling-Headphones-Bluetooth-Multipoint-Black/dp/B0FWRWDXKB/ref=sr_1_6?dib=eyJ2IjoiMSJ9.wPVSA3PKxnYXl7ztA1_XZrpBMCG8r9sSvlEExsVPc6a0k9S6Nuu9psKt7lqSC-e-2CBkTSN6lCSeR8UOdfccpj3lKKVD8nC9pZhvoTkmIOeR2aFJ7e-xavzDu6RGfIEgw5nQB0Qefl-LS-W5zemFMEJInU6pY1o56ag43Z-aSYCCGUBuJWI21z0S4b2uLs1TeWP9W5mn3s4xf1QpC3aOpxadBGZc0dDp-EjA3DxuQiA.xJ_ZDTwORK5FJP8-K_8OcxaSuBWcJRRZdxHSnr6HZFw&dib_tag=se&keywords=Wireless+Earbuds&qid=1770702079&sr=8-6,£29.00,4.4,75,Iceland,regional,Inferred from Query
"soundcore by Anker P20i True Wireless Earbuds, 10mm Drivers with Big Bass, Bluetooth 5.3, 30H Long Playtime, IPX5 Water-Resistant, 2 Mics for AI Clear Calls, 22 Preset EQs, Customization via App",https://www.amazon.co.uk/soundcore-Wireless-Bluetooth-Water-Resistant-Customization-Black/dp/B0BTYCRJSS/ref=sr_1_7?dib=eyJ2IjoiMSJ9.wPVSA3PKxnYXl7ztA1_XZrpBMCG8r9sSvlEExsVPc6a0k9S6Nuu9psKt7lqSC-e-2CBkTSN6lCSeR8UOdfccpj3lKKVD8nC9pZhvoTkmIOeR2aFJ7e-xavzDu6RGfIEgw5nQB0Qefl-LS-W5zemFMEJInU6pY1o56ag43Z-aSYCCGUBuJWI21z0S4b2uLs1TeWP9W5mn3s4xf1QpC3aOpxadBGZc0dDp-EjA3DxuQiA.xJ_ZDTwORK5FJP8-K_8OcxaSuBWcJRRZdxHSnr6HZFw&dib_tag=se&keywords=Wireless+Earbuds&qid=1770702079&sr=8-7,£16.99,4.3,70,Iceland,regional,Inferred from Query
"ZIUTY Ear Buds Wireless Earbuds, Bluetooth 5.4 In Ear Headphones with Mic, HiFi Stereo Sound, Touch Control, 48H Playtime LED Display, IPX7 Waterproof Bluetooth Headphones for iOS/Android, Black",https://www.amazon.co.uk/sspa/click?ie=UTF8&spc=MTo3NDIzNzk1MDc2OTc0MDg5OjE3NzA3MDIwNzk6c3BfbXRmOjMwMDk0MTI0MTYxMDIzMjo6MDo6&url=%2FZIUTY-T12-Wireless-Earbuds-Black%2Fdp%2FB0GL1ZPB3W%2Fref%3Dsr_1_8_sspa%3Fdib%3DeyJ2IjoiMSJ9.wPVSA3PKxnYXl7ztA1_XZrpBMCG8r9sSvlEExsVPc6a0k9S6Nuu9psKt7lqSC-e-2CBkTSN6lCSeR8UOdfccpj3lKKVD8nC9pZhvoTkmIOeR2aFJ7e-xavzDu6RGfIEgw5nQB0Qefl-LS-W5zemFMEJInU6pY1o56ag43Z-aSYCCGUBuJWI21z0S4b2uLs1TeWP9W5mn3s4xf1QpC3aOpxadBGZc0dDp-EjA3DxuQiA.xJ_ZDTwORK5FJP8-K_8OcxaSuBWcJRRZdxHSnr6HZFw%26dib_tag%3Dse%26keywords%3DWireless%2BEarbuds%26qid%3D1770702079%26sr%3D8-8-spons%26aref%3D6stQC5hE8j%26sp_csd%3Dd2lkZ2V0TmFtZT1zcF9tdGY%26psc%3D1&aref=6stQC5hE8j&sp_cr=ZAZ,£19.99,4.8,65,Iceland,regional,Inferred from Query
"Wireless Earbuds, Bluetooth 5.4 Headphones In Ear with ANC/ENC Noise Cancelling, HiFi Stereo Bluetooth Ear buds with Multifunctional Touchscreen, 5 EQ Modes/IP7 Waterproof Bluetooth Earphones, Black",https://www.amazon.co.uk/sspa/click?ie=UTF8&spc=MTo3NDIzNzk1MDc2OTc0MDg5OjE3NzA3MDIwNzk6c3BfbXRmOjMwMDkzNzExNjkzMjUzMjo6MDo6&url=%2FZYHKON-Multifunctional-Touchscreen-Bluetooth-Headphones-Black%2Fdp%2FB0GD6J41LL%2Fref%3Dsr_1_9_sspa%3Fdib%3DeyJ2IjoiMSJ9.wPVSA3PKxnYXl7ztA1_XZrpBMCG8r9sSvlEExsVPc6a0k9S6Nuu9psKt7lqSC-e-2CBkTSN6lCSeR8UOdfccpj3lKKVD8nC9pZhvoTkmIOeR2aFJ7e-xavzDu6RGfIEgw5nQB0Qefl-LS-W5zemFMEJInU6pY1o56ag43Z-aSYCCGUBuJWI21z0S4b2uLs1TeWP9W5mn3s4xf1QpC3aOpxadBGZc0dDp-EjA3DxuQiA.xJ_ZDTwORK5FJP8-K_8OcxaSuBWcJRRZdxHSnr6HZFw%26dib_tag%3Dse%26keywords%3DWireless%2BEarbuds%26qid%3D1770702079%26sr%3D8-9-spons%26aref%3DyvKgLrfwed%26sp_csd%3Dd2lkZ2V0TmFtZT1zcF9tdGY%26psc%3D1&aref=yvKgLrfwed&sp_cr=ZAZ,£29.99,5.0,60,Iceland,regional,Inferred from Query
"soundcore P30i by Anker Noise Cancelling Earbuds, Strong and Smart Noise Cancelling, Powerful Bass, 45H Playtime, 2-in-1 Case and Phone Stand, IP54, Wireless Earbuds, Bluetooth 5.4, App Control",https://www.amazon.co.uk/soundcore-Cancelling-Powerful-Playtime-Bluetooth-Green/dp/B0CRTR3PMF/ref=sr_1_10?dib=eyJ2IjoiMSJ9.wPVSA3PKxnYXl7ztA1_XZrpBMCG8r9sSvlEExsVPc6a0k9S6Nuu9psKt7lqSC-e-2CBkTSN6lCSeR8UOdfccpj3lKKVD8nC9pZhvoTkmIOeR2aFJ7e-xavzDu6RGfIEgw5nQB0Qefl-LS-W5zemFMEJInU6pY1o56ag43Z-aSYCCGUBuJWI21z0S4b2uLs1TeWP9W5mn3s4xf1QpC3aOpxadBGZc0dDp-EjA3DxuQiA.xJ_ZDTwORK5FJP8-K_8OcxaSuBWcJRRZdxHSnr6HZFw&dib_tag=se&keywords=Wireless+Earbuds&qid=1770702079&sr=8-10,£23.98,4.3,55,Iceland,regional,Inferred from Query
"Smart Watch for Men Women Answer/Make Calls, 1.85"" Touchscreen smartwatch with Heart Rate/Sleep Monitor/Step Counter, 110+ Sports Activity Trackers, IP68 Waterproof Fitness Watch for Android/iOS",https://www.amazon.co.uk/sspa/click?ie=UTF8&spc=MTo2NTk4MTAyMDg0MjI1NjE4OjE3NzA3MDIwODQ6c3BfYXRmOjMwMDg2MjA5OTY0MjYzMjo6MDo6&url=%2FDonerton-Digital-Display-Activity-Tracker-Black%2Fdp%2FB0DXL5L949%2Fref%3Dsr_1_1_sspa%3Fdib%3DeyJ2IjoiMSJ9.NPSokQD9VMXbNVaSLfI9hR9GZovUdmjuJZzHeJo91hrjXRFhUUn5XvDPvQBeEGRZH8C0RmoSIwiEqkjIMzJiAOrfZrdqudJWvwOqsYEaatxu5uw8U6sMwHlYDUMb-o03li-FXvkfEzLVXAEAhGMM7nuWM7XIlEfD9TdlDrPnf17iu2ClMPqVKlPCCl6aBXOV5hexFMMr6UETyr5gAQLzQvW7CNb4JJqPuGn-eQct6x4.Qvk948GZIGS-32ioOcI7e7be6x4iE49tu-4-4V-3dR8%26dib_tag%3Dse%26keywords%3DSmart%2BWatches%26qid%3D1770702084%26sr%3D8-1-spons%26aref%3DtNvzsWoVZC%26sp_csd%3Dd2lkZ2V0TmFtZT1zcF9hdGY%26psc%3D1&aref=tNvzsWoVZC&sp_cr=ZAZ,£9.99,3.8,100,Iceland,regional,Inferred from Query
"Smart Watches for Women Men, 1.83 inches HD Smartwatch with 120 Sports Modes, Heart Rate/Sleep Monitor, IP67 Waterproof, Bluetooth Call & Music Control for iPhone/Android (Deep Black)",https://www.amazon.co.uk/TRAUSI-Watches-Smartwatch-Waterproof-Bluetooth-Deep-Black/dp/B0GJSFSV1M/ref=sr_1_2?dib=eyJ2IjoiMSJ9.NPSokQD9VMXbNVaSLfI9hR9GZovUdmjuJZzHeJo91hrjXRFhUUn5XvDPvQBeEGRZH8C0RmoSIwiEqkjIMzJiAOrfZrdqudJWvwOqsYEaatxu5uw8U6sMwHlYDUMb-o03li-FXvkfEzLVXAEAhGMM7nuWM7XIlEfD9TdlDrPnf17iu2ClMPqVKlPCCl6aBXOV5hexFMMr6UETyr5gAQLzQvW7CNb4JJqPuGn-eQct6x4.Qvk948GZIGS-32ioOcI7e7be6x4iE49tu-4-4V-3dR8&dib_tag=se&keywords=Smart+Watches&qid=1770702084&sr=8-2,£9.99,4.8,95,Iceland,regional,Inferred from Query
"Garmin vívoactive 5 GPS Smartwatch, AMOLED Touchscreen",https://www.amazon.co.uk/Garmin-v%C3%ADvoactive-Smartwatch-Monitoring-Personalised/dp/B0CG6NR413/ref=sr_1_3?dib=eyJ2IjoiMSJ9.NPSokQD9VMXbNVaSLfI9hR9GZovUdmjuJZzHeJo91hrjXRFhUUn5XvDPvQBeEGRZH8C0RmoSIwiEqkjIMzJiAOrfZrdqudJWvwOqsYEaatxu5uw8U6sMwHlYDUMb-o03li-FXvkfEzLVXAEAhGMM7nuWM7XIlEfD9TdlDrPnf17iu2ClMPqVKlPCCl6aBXOV5hexFMMr6UETyr5gAQLzQvW7CNb4JJqPuGn-eQct6x4.Qvk948GZIGS-32ioOcI7e7be6x4iE49tu-4-4V-3dR8&dib_tag=se&keywords=Smart+Watches&qid=1770702084&sr=8-3,£162.04,4.5,90,Iceland,regional,Inferred from Query
"Smart Watch for Women Men Android & iPhone [2 Bands, 44mm case], Alexa Built-in, 1.83"" Smartwatch Make/Answer Call, HR SpO2 Sleep Stress Monitor Fitness Tracker, IP68 Waterproof Step Counter Watch",https://www.amazon.co.uk/Android-Smartwatch-Monitor-Fitness-Waterproof-Beige/dp/B0FL7N1GQ5/ref=sr_1_4?dib=eyJ2IjoiMSJ9.NPSokQD9VMXbNVaSLfI9hR9GZovUdmjuJZzHeJo91hrjXRFhUUn5XvDPvQBeEGRZH8C0RmoSIwiEqkjIMzJiAOrfZrdqudJWvwOqsYEaatxu5uw8U6sMwHlYDUMb-o03li-FXvkfEzLVXAEAhGMM7nuWM7XIlEfD9TdlDrPnf17iu2ClMPqVKlPCCl6aBXOV5hexFMMr6UETyr5gAQLzQvW7CNb4JJqPuGn-eQct6x4.Qvk948GZIGS-32ioOcI7e7be6x4iE49tu-4-4V-3dR8&dib_tag=se&keywords=Smart+Watches&qid=1770702084&sr=8-4,£22.09,4.5,85,Iceland,regional,Inferred from Query
"Smart Watch for Men/Women,1.27"" HD 43mm Fitness Watch Answer/Make Call, Heart Rate/Sleep/SpO2, Round Smart Watch for iPhone/Samsung/Android,IP68 Waterproof, 110+ Sport Mode-Black(2 Bands)",https://www.amazon.co.uk/Fitness-Samsung-Android-Waterproof-Mode-Black-Black/dp/B0G7BYR7JQ/ref=sr_1_5?dib=eyJ2IjoiMSJ9.NPSokQD9VMXbNVaSLfI9hR9GZovUdmjuJZzHeJo91hrjXRFhUUn5XvDPvQBeEGRZH8C0RmoSIwiEqkjIMzJiAOrfZrdqudJWvwOqsYEaatxu5uw8U6sMwHlYDUMb-o03li-FXvkfEzLVXAEAhGMM7nuWM7XIlEfD9TdlDrPnf17iu2ClMPqVKlPCCl6aBXOV5hexFMMr6UETyr5gAQLzQvW7CNb4JJqPuGn-eQct6x4.Qvk948GZIGS-32ioOcI7e7be6x4iE49tu-4-4V-3dR8&dib_tag=se&keywords=Smart+Watches&qid=1770702084&sr=8-5,£79.99,4.8,80,Iceland,regional,Inferred from Query
"Smart Watch for Men Women, Answer/Make Calls, Alexa Built-in, [1.8"" HD Screen] Smart Watches for iPhone/Samsung/Android, Fitness Watch with Heart Rate Sleep SpO2 Monitor,IP68 Waterproof, 100+ Sports",https://www.amazon.co.uk/Watches-Samsung-Android-Fitness-Waterproof-Black/dp/B0CRHD89D6/ref=sr_1_6?dib=eyJ2IjoiMSJ9.NPSokQD9VMXbNVaSLfI9hR9GZovUdmjuJZzHeJo91hrjXRFhUUn5XvDPvQBeEGRZH8C0RmoSIwiEqkjIMzJiAOrfZrdqudJWvwOqsYEaatxu5uw8U6sMwHlYDUMb-o03li-FXvkfEzLVXAEAhGMM7nuWM7XIlEfD9TdlDrPnf17iu2ClMPqVKlPCCl6aBXOV5hexFMMr6UETyr5gAQLzQvW7CNb4JJqPuGn-eQct6x4.Qvk948GZIGS-32ioOcI7e7be6x4iE49tu-4-4V-3dR8&dib_tag=se&keywords=Smart+Watches&qid=1770702084&sr=8-6,£42.47,4.3,75,Iceland,regional,Inferred from Query
"Garmin vívoactive 5 GPS Smartwatch, AMOLED Touchscreen",https://www.amazon.co.uk/Garmin-v%C3%ADvoactive-Smartwatch-Monitoring-Personalised/dp/B0CG6LLQX3/ref=sr_1_7?dib=eyJ2IjoiMSJ9.NPSokQD9VMXbNVaSLfI9hR9GZovUdmjuJZzHeJo91hrjXRFhUUn5XvDPvQBeEGRZH8C0RmoSIwiEqkjIMzJiAOrfZrdqudJWvwOqsYEaatxu5uw8U6sMwHlYDUMb-o03li-FXvkfEzLVXAEAhGMM7nuWM7XIlEfD9TdlDrPnf17iu2ClMPqVKlPCCl6aBXOV5hexFMMr6UETyr5gAQLzQvW7CNb4JJqPuGn-eQct6x4.Qvk948GZIGS-32ioOcI7e7be6x4iE49tu-4-4V-3dR8&dib_tag=se&keywords=Smart+Watches&qid=1770702084&sr=8-7,£185.89,4.5,70,Iceland,regional,Inferred from Query
"Fitness Smartwatch for Men & Women with ECG/Heart Rate/Blood Pressure/Calories/HRV/Sleep monitor Activity Tracker with 1.56"" Amoled Bluetooth Calls,14 Days Battery Life and IP67 Waterproof (Casual)",https://www.amazon.co.uk/sspa/click?ie=UTF8&spc=MTo2NTk4MTAyMDg0MjI1NjE4OjE3NzA3MDIwODQ6c3BfbXRmOjMwMDg3OTIxOTU0NzgzMjo6MDo6&url=%2FSmartwatch-Pressure-Calories-Bluetooth-Waterproof%2Fdp%2FB0FZBS1TFM%2Fref%3Dsr_1_8_sspa%3Fdib%3DeyJ2IjoiMSJ9.NPSokQD9VMXbNVaSLfI9hR9GZovUdmjuJZzHeJo91hrjXRFhUUn5XvDPvQBeEGRZH8C0RmoSIwiEqkjIMzJiAOrfZrdqudJWvwOqsYEaatxu5uw8U6sMwHlYDUMb-o03li-FXvkfEzLVXAEAhGMM7nuWM7XIlEfD9TdlDrPnf17iu2ClMPqVKlPCCl6aBXOV5hexFMMr6UETyr5gAQLzQvW7CNb4JJqPuGn-eQct6x4.Qvk948GZIGS-32ioOcI7e7be6x4iE49tu-4-4V-3dR8%26dib_tag%3Dse%26keywords%3DSmart%2BWatches%26qid%3D1770702084%26sr%3D8-8-spons%26aref%3De30BVktTd5%26sp_csd%3Dd2lkZ2V0TmFtZT1zcF9tdGY%26psc%3D1&aref=e30BVktTd5&sp_cr=ZAZ,£119.00,4.8,65,Iceland,regional,Inferred from Query
"Smart Watch for Men Women, Bluetooth Calls, AI Dial, AI Q&A,1.85""HD AMOLED Curved Display Fitness Watch with Heart Rate/Sleep/SpO2/Stress Monitor, 110+ Sports Depth Waterproof Smartwatch, Black",https://www.amazon.co.uk/sspa/click?ie=UTF8&spc=MTo2NTk4MTAyMDg0MjI1NjE4OjE3NzA3MDIwODQ6c3BfbXRmOjMwMDk0MTAwNDgzNTUzMjo6MDo6&url=%2FBluetooth-Display-Fitness-Waterproof-Smartwatch-Black%2Fdp%2FB0GHXZGML4%2Fref%3Dsr_1_9_sspa%3Fdib%3DeyJ2IjoiMSJ9.NPSokQD9VMXbNVaSLfI9hR9GZovUdmjuJZzHeJo91hrjXRFhUUn5XvDPvQBeEGRZH8C0RmoSIwiEqkjIMzJiAOrfZrdqudJWvwOqsYEaatxu5uw8U6sMwHlYDUMb-o03li-FXvkfEzLVXAEAhGMM7nuWM7XIlEfD9TdlDrPnf17iu2ClMPqVKlPCCl6aBXOV5hexFMMr6UETyr5gAQLzQvW7CNb4JJqPuGn-eQct6x4.Qvk948GZIGS-32ioOcI7e7be6x4iE49tu-4-4V-3dR8%26dib_tag%3Dse%26keywords%3DSmart%2BWatches%26qid%3D1770702084%26sr%3D8-9-spons%26aref%3DikfzAdpfsw%26sp_csd%3Dd2lkZ2V0TmFtZT1zcF9tdGY%26psc%3D1&aref=ikfzAdpfsw&sp_cr=ZAZ,£23.99,5.0,60,Iceland,regional,Inferred from Query
"Smart Watch with Alexa Built-in, 1.83"" HD Fitness Watch with Bluetooth Calling, New Smartwatch with Heart Rate/Sleep Monitor/Stress, 110+ Sports Modes, IP68 Waterproof Activity Tracker for Android iOS",https://www.amazon.co.uk/Fitness-Bluetooth-Smartwatch-Waterproof-Activity-Black/dp/B0FSPMX18G/ref=sr_1_10?dib=eyJ2IjoiMSJ9.NPSokQD9VMXbNVaSLfI9hR9GZovUdmjuJZzHeJo91hrjXRFhUUn5XvDPvQBeEGRZH8C0RmoSIwiEqkjIMzJiAOrfZrdqudJWvwOqsYEaatxu5uw8U6sMwHlYDUMb-o03li-FXvkfEzLVXAEAhGMM7nuWM7XIlEfD9TdlDrPnf17iu2ClMPqVKlPCCl6aBXOV5hexFMMr6UETyr5gAQLzQvW7CNb4JJqPuGn-eQct6x4.Qvk948GZIGS-32ioOcI7e7be6x4iE49tu-4-4V-3dR8&dib_tag=se&keywords=Smart+Watches&qid=1770702084&sr=8-10,£29.99,4.4,55,Iceland,regional,Inferred from Query
"ELEMIS Pro-Collagen Cleansing Balm 100g – Original, Rose, Fig, Black Cherry & Fragrance-Free – Nourishing Makeup Remover & Deep Cleansing Balm",https://www.amazon.co.uk/sspa/click?ie=UTF8&spc=MTo0NDMzNTAzNDM1ODA2MjUyOjE3NzA3MDIwOTA6c3BfYXRmOjMwMDc5NjU1NDE5OTYzMjo6MDo6&url=%2FElemis-Pro-Collagen-Cleansing-Balm-100G%2Fdp%2FB08MJZYW8P%2Fref%3Dsr_1_1_sspa%3Fdib%3DeyJ2IjoiMSJ9.oJejy4D6BAJHQIjtesxQ9hpUQOCfHNwjwnfdIqFHmx1h0nad6yUG1Tlm_7Efj-pUxZTWeCkVyJKwoDL3ef8h80d1-LCf3isI5OwR0S7A6A_M0b6rqd8qTrZprals3CQ-IE443dRQyCj5RknqJzpRQxOt6As5qwPEuxI2AdBhhV1Go0XMYdLGWbZT5SIhakX1ZjgE7bmHDauLumtgk9GzfEXUjlWFmJguO7ow7PLyLndS60_67-ant9BgUpYo1912ATPS_OZnjVVXZNZMvdP4sNNDPlVwmaEkyW0je0KHqJw.8vGNhhyzAJbETTyuCLMiEV7o7uvtE5LAr7eysH2Y94k%26dib_tag%3Dse%26keywords%3DSkincare%2BProducts%26qid%3D1770702089%26sr%3D8-1-spons%26aref%3DOBXwadDnJg%26sp_csd%3Dd2lkZ2V0TmFtZT1zcF9hdGY%26psc%3D1&aref=OBXwadDnJg&sp_cr=ZAZ,£41.60,4.7,100,Iceland,regional,Inferred from Query
"Absolute Collagen Deep Lift Day Cream SPF30 - Hydrating Face Moisturiser with UVA/UVB Protection - Collagen Boosting Formula, Anti-Ageing, 50ml",https://www.amazon.co.uk/sspa/click?ie=UTF8&spc=MTo0NDMzNTAzNDM1ODA2MjUyOjE3NzA3MDIwOTA6c3BfYXRmOjMwMDQ3MjYwMTQyMTQzMjo6MDo6&url=%2FAbsolute-Collagen-Deep-Cream-SPF30%2Fdp%2FB0CHB7X5YF%2Fref%3Dsr_1_2_sspa%3Fdib%3DeyJ2IjoiMSJ9.oJejy4D6BAJHQIjtesxQ9hpUQOCfHNwjwnfdIqFHmx1h0nad6yUG1Tlm_7Efj-pUxZTWeCkVyJKwoDL3ef8h80d1-LCf3isI5OwR0S7A6A_M0b6rqd8qTrZprals3CQ-IE443dRQyCj5RknqJzpRQxOt6As5qwPEuxI2AdBhhV1Go0XMYdLGWbZT5SIhakX1ZjgE7bmHDauLumtgk9GzfEXUjlWFmJguO7ow7PLyLndS60_67-ant9BgUpYo1912ATPS_OZnjVVXZNZMvdP4sNNDPlVwmaEkyW0je0KHqJw.8vGNhhyzAJbETTyuCLMiEV7o7uvtE5LAr7eysH2Y94k%26dib_tag%3Dse%26keywords%3DSkincare%2BProducts%26qid%3D1770702089%26sr%3D8-2-spons%26aref%3DnPXUiV9eJZ%26sp_csd%3Dd2lkZ2V0TmFtZT1zcF9hdGY%26psc%3D1&aref=nPXUiV9eJZ&sp_cr=ZAZ,£55.00,4.2,95,Iceland,regional,Inferred from Query
"AVEENO Face CALM+RESTORE Nourishing Oat Cleanser (1x 200ml), Non-Foaming Face Care, Gentle Cleanser with Prebiotic Oat and Calming Feverfew, Helps Preserve Skin's Barrier, For Sensitive Skin",https://www.amazon.co.uk/sspa/click?ie=UTF8&spc=MTo0NDMzNTAzNDM1ODA2MjUyOjE3NzA3MDIwOTA6c3BfYXRmOjMwMDY2NDU5NjM1OTYzMjo6MDo6&url=%2FAveeno-Restore-Nourishing-Cleanser-200ml%2Fdp%2FB09FTBMDBS%2Fref%3Dsr_1_3_sspa%3Fdib%3DeyJ2IjoiMSJ9.oJejy4D6BAJHQIjtesxQ9hpUQOCfHNwjwnfdIqFHmx1h0nad6yUG1Tlm_7Efj-pUxZTWeCkVyJKwoDL3ef8h80d1-LCf3isI5OwR0S7A6A_M0b6rqd8qTrZprals3CQ-IE443dRQyCj5RknqJzpRQxOt6As5qwPEuxI2AdBhhV1Go0XMYdLGWbZT5SIhakX1ZjgE7bmHDauLumtgk9GzfEXUjlWFmJguO7ow7PLyLndS60_67-ant9BgUpYo1912ATPS_OZnjVVXZNZMvdP4sNNDPlVwmaEkyW0je0KHqJw.8vGNhhyzAJbETTyuCLMiEV7o7uvtE5LAr7eysH2Y94k%26dib_tag%3Dse%26keywords%3DSkincare%2BProducts%26qid%3D1770702089%26sr%3D8-3-spons%26aref%3DIGU0jxSwxe%26sp_csd%3Dd2lkZ2V0TmFtZT1zcF9hdGY%26psc%3D1&aref=IGU0jxSwxe&sp_cr=ZAZ,£6.32,4.4,90,Iceland,regional,Inferred from Query
"e.l.f. SKIN Hydrated Ever After Skincare Mini Kit, Cleanser, Makeup Remover, Moisturiser & Eye Cream For Hydrating Skin, Airplane-Friendly Sizes",https://www.amazon.co.uk/l-f-SKIN-Hydrated-Moisturizer-Hydrating-TSA-friendly/dp/B08T7DSZYD/ref=sr_1_4?dib=eyJ2IjoiMSJ9.oJejy4D6BAJHQIjtesxQ9hpUQOCfHNwjwnfdIqFHmx1h0nad6yUG1Tlm_7Efj-pUxZTWeCkVyJKwoDL3ef8h80d1-LCf3isI5OwR0S7A6A_M0b6rqd8qTrZprals3CQ-IE443dRQyCj5RknqJzpRQxOt6As5qwPEuxI2AdBhhV1Go0XMYdLGWbZT5SIhakX1ZjgE7bmHDauLumtgk9GzfEXUjlWFmJguO7ow7PLyLndS60_67-ant9BgUpYo1912ATPS_OZnjVVXZNZMvdP4sNNDPlVwmaEkyW0je0KHqJw.8vGNhhyzAJbETTyuCLMiEV7o7uvtE5LAr7eysH2Y94k&dib_tag=se&keywords=Skincare+Products&qid=1770702089&sr=8-4,£21.00,4.5,85,Iceland,regional,Inferred from Query
"LAIKOU Skincare Set, Milk Beauty Gift Sets for Teenage Girls with Cleanser, Day Cream, Night Cream, Eye Cream, Sunscreen, Facial Kits for Women Wife Mom, Deep Hydrating Smoothing 5pcs",https://www.amazon.co.uk/LAIKOU-Skincare-Sunscreen-Hydrating-Smoothing/dp/B0CPLVDDJ9/ref=sr_1_5?dib=eyJ2IjoiMSJ9.oJejy4D6BAJHQIjtesxQ9hpUQOCfHNwjwnfdIqFHmx1h0nad6yUG1Tlm_7Efj-pUxZTWeCkVyJKwoDL3ef8h80d1-LCf3isI5OwR0S7A6A_M0b6rqd8qTrZprals3CQ-IE443dRQyCj5RknqJzpRQxOt6As5qwPEuxI2AdBhhV1Go0XMYdLGWbZT5SIhakX1ZjgE7bmHDauLumtgk9GzfEXUjlWFmJguO7ow7PLyLndS60_67-ant9BgUpYo1912ATPS_OZnjVVXZNZMvdP4sNNDPlVwmaEkyW0je0KHqJw.8vGNhhyzAJbETTyuCLMiEV7o7uvtE5LAr7eysH2Y94k&dib_tag=se&keywords=Skincare+Products&qid=1770702089&sr=8-5,£9.97,4.5,80,Iceland,regional,Inferred from Query
"Garnier Micellar Cleansing Water 700ml, Gentle face cleanser & Make up Remover, Suitable For All Skin Types Including Sensitive Skin, Soothing Formula, Dermatologically Tested",https://www.amazon.co.uk/Garnier-Micellar-Water-Sensitive-700ml/dp/B01M6UUOY2/ref=sr_1_6?dib=eyJ2IjoiMSJ9.oJejy4D6BAJHQIjtesxQ9hpUQOCfHNwjwnfdIqFHmx1h0nad6yUG1Tlm_7Efj-pUxZTWeCkVyJKwoDL3ef8h80d1-LCf3isI5OwR0S7A6A_M0b6rqd8qTrZprals3CQ-IE443dRQyCj5RknqJzpRQxOt6As5qwPEuxI2AdBhhV1Go0XMYdLGWbZT5SIhakX1ZjgE7bmHDauLumtgk9GzfEXUjlWFmJguO7ow7PLyLndS60_67-ant9BgUpYo1912ATPS_OZnjVVXZNZMvdP4sNNDPlVwmaEkyW0je0KHqJw.8vGNhhyzAJbETTyuCLMiEV7o7uvtE5LAr7eysH2Y94k&dib_tag=se&keywords=Skincare+Products&qid=1770702089&rdc=1&sr=8-6,£5.00,4.7,75,Iceland,regional,Inferred from Query
"LAIKOU Sakura Skincare Set for Teen Girls, Complete 34PCS Face Care Kit, Christmas Pamper Gift Set for Women & Teenage Girls, Hydrating & Nourishing Travel-Friendly Daily Facial Skincare Routine",https://www.amazon.co.uk/LAIKOU-Christmas-Hydrating-Nourishing-Travel-Friendly/dp/B0DJ2KJBCL/ref=sr_1_7?dib=eyJ2IjoiMSJ9.oJejy4D6BAJHQIjtesxQ9hpUQOCfHNwjwnfdIqFHmx1h0nad6yUG1Tlm_7Efj-pUxZTWeCkVyJKwoDL3ef8h80d1-LCf3isI5OwR0S7A6A_M0b6rqd8qTrZprals3CQ-IE443dRQyCj5RknqJzpRQxOt6As5qwPEuxI2AdBhhV1Go0XMYdLGWbZT5SIhakX1ZjgE7bmHDauLumtgk9GzfEXUjlWFmJguO7ow7PLyLndS60_67-ant9BgUpYo1912ATPS_OZnjVVXZNZMvdP4sNNDPlVwmaEkyW0je0KHqJw.8vGNhhyzAJbETTyuCLMiEV7o7uvtE5LAr7eysH2Y94k&dib_tag=se&keywords=Skincare+Products&qid=1770702089&sr=8-7,£17.82,4.5,70,Iceland,regional,Inferred from Query
"Watermelon Skincare Set, 3PCS Travel Face Care Kit with Niacinamide, Hyaluronic Acid & Collagen for Hydrating, Radiance & Boosting, Christmas Birthday Pamper Gifts for Women Teenage Girls",https://www.amazon.co.uk/Watermelon-Niacinamide-Hyaluronic-Hydrating-Christmas/dp/B0FCRJ7JWC/ref=sr_1_8?dib=eyJ2IjoiMSJ9.oJejy4D6BAJHQIjtesxQ9hpUQOCfHNwjwnfdIqFHmx1h0nad6yUG1Tlm_7Efj-pUxZTWeCkVyJKwoDL3ef8h80d1-LCf3isI5OwR0S7A6A_M0b6rqd8qTrZprals3CQ-IE443dRQyCj5RknqJzpRQxOt6As5qwPEuxI2AdBhhV1Go0XMYdLGWbZT5SIhakX1ZjgE7bmHDauLumtgk9GzfEXUjlWFmJguO7ow7PLyLndS60_67-ant9BgUpYo1912ATPS_OZnjVVXZNZMvdP4sNNDPlVwmaEkyW0je0KHqJw.8vGNhhyzAJbETTyuCLMiEV7o7uvtE5LAr7eysH2Y94k&dib_tag=se&keywords=Skincare+Products&qid=1770702089&sr=8-8,£14.99,4.7,65,Iceland,regional,Inferred from Query
"COSRX Advanced Snail 96 Mucin Power Essence 100ml | Snail Secretion Filtrate 96% | Skin Repair Serum | CPNP Registered, Korean Skin Care, Cruelty Free, Paraben Free, Alcohol Free",https://www.amazon.co.uk/COSRX-Hydrating-Makeup-Korean-Beauty/dp/B00PBX3L7K/ref=sr_1_9?dib=eyJ2IjoiMSJ9.oJejy4D6BAJHQIjtesxQ9hpUQOCfHNwjwnfdIqFHmx1h0nad6yUG1Tlm_7Efj-pUxZTWeCkVyJKwoDL3ef8h80d1-LCf3isI5OwR0S7A6A_M0b6rqd8qTrZprals3CQ-IE443dRQyCj5RknqJzpRQxOt6As5qwPEuxI2AdBhhV1Go0XMYdLGWbZT5SIhakX1ZjgE7bmHDauLumtgk9GzfEXUjlWFmJguO7ow7PLyLndS60_67-ant9BgUpYo1912ATPS_OZnjVVXZNZMvdP4sNNDPlVwmaEkyW0je0KHqJw.8vGNhhyzAJbETTyuCLMiEV7o7uvtE5LAr7eysH2Y94k&dib_tag=se&keywords=Skincare+Products&qid=1770702089&sr=8-9,£13.25,4.5,60,Iceland,regional,Inferred from Query
"BYOMA Moisturising Gel Cream (50ml) Lightweight Oil Free Daily Moisturiser with Barrier Repair, Niacinamide and Green Tea, for All Skin Types - Alcohol Free, Vegan",https://www.amazon.co.uk/BYOMA-Moisturizing-Gel-Cream-50ml/dp/B0BJ74DJXG/ref=sr_1_10?dib=eyJ2IjoiMSJ9.oJejy4D6BAJHQIjtesxQ9hpUQOCfHNwjwnfdIqFHmx1h0nad6yUG1Tlm_7Efj-pUxZTWeCkVyJKwoDL3ef8h80d1-LCf3isI5OwR0S7A6A_M0b6rqd8qTrZprals3CQ-IE443dRQyCj5RknqJzpRQxOt6As5qwPEuxI2AdBhhV1Go0XMYdLGWbZT5SIhakX1ZjgE7bmHDauLumtgk9GzfEXUjlWFmJguO7ow7PLyLndS60_67-ant9BgUpYo1912ATPS_OZnjVVXZNZMvdP4sNNDPlVwmaEkyW0je0KHqJw.8vGNhhyzAJbETTyuCLMiEV7o7uvtE5LAr7eysH2Y94k&dib_tag=se&keywords=Skincare+Products&qid=1770702089&sr=8-10,£11.93,4.3,55,Iceland,regional,Inferred from Query
