item,country,market_type,trend_strength,platform_count,marketplace,urls,lifecycle_stage
Smart Watch Men Women Fitness Tracker Blood Pressure Heart Rate Sport Watches,Iceland,regional,222.22,1,eBay,"['https://www.ebay.co.uk/itm/225982437087?_skw=Smart+Watches&epid=27078691455&itmmeta=01KH31480S5GQQSYTTFKYWGXDD&hash=item349d9a56df:g:mSEAAOSw1hJoHxIA&itmprp=enc%3AAQALAAAA0GfYFPkwiKCW4ZNSs2u11xDhq80WFzz1R0JkXbPNhMu3PsRdCDedJ7OmiWxYOVp703DuGXxBgqajCnIxwDJ5k%2FyDYt8e6wbhmYqZVbeRFdJ8spoCVq7bGxvFPCNCSL2kPd8g8Tn7nfPU9iHNfty%2BLogadLZyK5FZ4LL9S%2FDgLnE%2FqImvfI9d%2FUanorrhk%2FPzBtR6KUabu1%2B68qiWpWmzHe0Q39%2BTTW%2B7FtTXmscv%2B77r7xKYZkLjXSw87y7dIP1Zm0C24yV2LCwTIUG6DNOgccc%3D%7Ctkp%3ABk9SR_KAkeGIZw', 'https://www.ebay.co.uk/itm/127660215264?_skw=Smart+Watches&itmmeta=01KH31480S312792TCK0X3Y4XC&hash=item1db9244be0:g:begAAeSwbNxpgGVP&itmprp=enc%3AAQALAAAA8GfYFPkwiKCW4ZNSs2u11xA462Q5ZHq1Bt3%2FtEbzYPdmzmVzCIYqwgOjz%2FFV3hW%2B%2BovIfCJ%2Fv6sNGKAuOTF3HdyScNH4TZhgtuOZP%2FYreRuR99g%2FqsL9Y3U2Ee%2B9Bb52DR8XsQEANL1od%2Fg%2FS8foJdYzlvJ7HsUQLeTYKpemlgUVnrApEWy%2BKBh6vGalRMhSop0xcxriyUSTepZcM%2FAwBF1ZhZeuodYdz1DP8cOWvKmd6U48gzimCGk%2Bkg4KaKfbVodsXzrnM8IcqInPhzTDwbij79VdTDGbiX3316Y%2B5mg4rniGlGZk8c%2BjTHZeWXoI4Q%3D%3D%7Ctkp%3ABk9SR_KAkeGIZw', 'https://www.ebay.co.uk/itm/127638287499?_skw=Smart+Watches&itmmeta=01KH31480SGPQYBPC5ZF9B75T3&hash=item1db7d5b48b:g:1ZYAAeSwIkZpceaZ&itmprp=enc%3AAQALAAAAwGfYFPkwiKCW4ZNSs2u11xAikH4B2uEO%2Bga2frA%2Fup8QKTdglfcCBc3mHGod9l4tlLoaVMXprdTww4MyzUJ2QteRZqJWmHkGWTLqz3jf2yIZqYDJb5Yw1sLULhDAmrjcf4tLSiD8ZYwyWIG%2BtZKWlCNvSUXxqyNFkkGlN9HRk5Jfk38SW0E3jx7wqFskYzhM%2BEK9O%2FCgezXD9dG%2BMOxz%2BA4rkeDeS2B5YJvii9BRBok6mEWbzvV%2B6l%2BHgMYwT2GsNg%3D%3D%7Ctkp%3ABlBMUPCAkeGIZw', 'https://www.ebay.co.uk/itm/358107119384?_skw=Smart+Watches&itmmeta=01KH31480SJDQDN4EEP7T1VBM8&hash=item5360d8ff18:g:FzQAAeSwY1Bpb0Xh&itmprp=enc%3AAQALAAAA8GfYFPkwiKCW4ZNSs2u11xCzltuP7o32ktxpyCmaTDBRpPs%2BXlxZPMx3wpkxU1FjpmODnD3hwx3CxDYGVtoNK8bKd1BtP3Hnq4lpFRTZoTFe1XMGmn1rclmtRzKAYtbGqhkEQFvTwzdC%2BhMbmlZx%2FpfF1%2B2e7b%2BFZ0pGRcYQSuvwz1Wc5c1ElPJrWirWDilszbgbWjXfB0n152TxZpWG5fXlmKAhFpveyBcQVmcGUSZClPFuu0por2V%2FB70XJPf2jnA%2FNWMM38tnAiYF5FWsX2PtXZRBnkb2%2F968eOSuelJ%2F7TpzDwKiU%2FA%2BXaQjHz9thA%3D%3D%7Ctkp%3ABk9SR_KAkeGIZw']",Rising
Bluetooth Earphones TWS Mini Wireless Headphones In-Ear Buds For iPhone Android,Iceland,regional,177.78,1,eBay,"['https://www.ebay.co.uk/itm/397495111593?_skw=Wireless+Earbuds&itmmeta=01KH31432A9HRE2GCVR051ZRDS&hash=item5c8c8e0fa9:g:N7IAAeSwfsZpZ643&itmprp=enc%3AAQALAAAA8GfYFPkwiKCW4ZNSs2u11xB1G%2Bgyzwc5AckMKiSkIwCD1ayv4BfzNIgvf6uSABrIQ3IChvDKYMfO2pLlTdbWKb2t8RI7J7xGG0xBcCozfEdh9obSWgFt0QZV338AbyUPaWphXbxmr6N%2BSTu%2Bxnc2m7OZGCARfEuFJ%2FdI5b%2F9E121TLcNh62S%2Fg6nk%2B8Pxi5yPGNzUEoySWF2JGM1gDJqTuZmhf6rU53ex2dfL9ZgPd69oy1Bt9ZFZqhFhkFs6t7O3teDWgy0j6XChJPx9F2abFZzZD6lqCFx27oM%2FD1MDnIHDnP5%2BnIW%2FQeoZzmLsFqnYg%3D%3D%7Ctkp%3ABk9SR8KxkOGIZw', 'https://www.ebay.co.uk/itm/387277080371?_skw=Wireless+Earbuds&itmmeta=01KH31432A77TKQB6G97743FSZ&hash=item5a2b834733:g:wCUAAOSwVOJnDV5j&itmprp=enc%3AAQALAAAA0GfYFPkwiKCW4ZNSs2u11xCZl1lYYIVr9w%2FhJa4Y%2FLqv7EKq9%2F4kddWtbCXV2ZBx%2F76L5wNjUMrcZTPFqlfSxavgSxQeml95Psbuvu5%2B4He6z6kv3hTR2oXFqwlLvTHHB03a%2Fl9%2FhjmyCFZnYElCizdehQmY4f9b9mhaRrkmeFI5uScASqfUdcuLOnYmvhtmvuE7KQ3FP1RFVoIZT752FEQ1oEIm24Elx28%2FSZYCHh7laK%2BGK5SxJQ%2By9Fu4%2B2LBTVjpeQkVmZER2TE17XeFc1k%3D%7Ctkp%3ABk9SR8KxkOGIZw', 'https://www.ebay.co.uk/itm/226813886342?_skw=Wireless+Earbuds&itmmeta=01KH31432ADY0JQDKMCQFZSS90&hash=item34cf293f86:g:juwAAOSwBgFoTNl2&itmprp=enc%3AAQALAAAA0GfYFPkwiKCW4ZNSs2u11xCbqhPpzLXI8k6rhb2zYefxn%2Fo%2Fgd6K2A4hkzOLYDD5gsWtGIVJkP8RE9P9h%2FLY%2FarB9rKhP20f%2FefCMFrDmR6UlJWdIZuRcIOgK9dI5d%2ByDnvDZ34dhQucrwst47gNg7k82%2BsGaHhdDc6Gj%2BtNfD5955jooimf8zTnKPimQ6UbaN%2BtEInGHcQUm7DKwTHCVUfOltbiD6bGr8cIxO8Q8Favev7lp059ZF051ds5CmPage%2FrZPR9v%2BGfWHpoOHQpkvI%3D%7Ctkp%3ABlBMUMCxkOGIZw']",Rising
I Don't Know Icelandic Iceland Pullover Hoodie,Iceland,regional,177.78,1,Amazon,"['https://www.amazon.co.uk/Dont-Icelandic-Iceland-Pullover-Hoodie/dp/B0CXXCH3M3/ref=sr_1_4?dib=eyJ2IjoiMSJ9.cD9e_rphmagbwEdXVwpjZppsGvT3xxqY0a0uj4tCAc28dpikEZ2LSWjI69pN0TmOUzCX0TNFIy13lhYiiabkwAWV9Ndd4pejz5nMuVxwutI3igBPS_oJJXmcrB2OONLakzICjYngVkEIiemRd33Svl_6JORN4js3jlQRG6nAt4Dse-M8CtKTIuCdRr8jERP9bCpZAOBB0Vb9LAUFwFvBF28FjMA2VG5g4WJr-KC1cNfLH07-uZe0GbuTswpcDbBAVaEsJsxENfldwtdNKX72FYmNEt7xYCm0_jBLbMXKRt0.tRgY07eU66VzYJ-_fCiKHOe26RT4O7zqKUZ0X7aRM8c&dib_tag=se&keywords=Icelandic+Hoodies&qid=1770702061&sr=8-4', 'https://www.amazon.co.uk/Iceland-Icelandic-Roots-Pullover-Hoodie/dp/B0FZXHVYCS/ref=sr_1_9?dib=eyJ2IjoiMSJ9.cD9e_rphmagbwEdXVwpjZppsGvT3xxqY0a0uj4tCAc28dpikEZ2LSWjI69pN0TmOUzCX0TNFIy13lhYiiabkwAWV9Ndd4pejz5nMuVxwutI3igBPS_oJJXmcrB2OONLakzICjYngVkEIiemRd33Svl_6JORN4js3jlQRG6nAt4Dse-M8CtKTIuCdRr8jERP9bCpZAOBB0Vb9LAUFwFvBF28FjMA2VG5g4WJr-KC1cNfLH07-uZe0GbuTswpcDbBAVaEsJsxENfldwtdNKX72FYmNEt7xYCm0_jBLbMXKRt0.tRgY07eU66VzYJ-_fCiKHOe26RT4O7zqKUZ0X7aRM8c&dib_tag=se&keywords=Icelandic+Hoodies&qid=1770702061&sr=8-9', 'https://www.amazon.co.uk/Rude-Icelandic-Gifts-Funny-Hoodie/dp/B0BZQGNQN9/ref=sr_1_5?dib=eyJ2IjoiMSJ9.cD9e_rphmagbwEdXVwpjZppsGvT3xxqY0a0uj4tCAc28dpikEZ2LSWjI69pN0TmOUzCX0TNFIy13lhYiiabkwAWV9Ndd4pejz5nMuVxwutI3igBPS_oJJXmcrB2OONLakzICjYngVkEIiemRd33Svl_6JORN4js3jlQRG6nAt4Dse-M8CtKTIuCdRr8jERP9bCpZAOBB0Vb9LAUFwFvBF28FjMA2VG5g4WJr-KC1cNfLH07-uZe0GbuTswpcDbBAVaEsJsxENfldwtdNKX72FYmNEt7xYCm0_jBLbMXKRt0.tRgY07eU66VzYJ-_fCiKHOe26RT4O7zqKUZ0X7aRM8c&dib_tag=se&keywords=Icelandic+Hoodies&qid=1770702061&sr=8-5', 'https://www.amazon.co.uk/Dont-Speak-Icelandic-Iceland-Hoodie/dp/B0CXXBRYWF/ref=sr_1_6?dib=eyJ2IjoiMSJ9.cD9e_rphmagbwEdXVwpjZppsGvT3xxqY0a0uj4tCAc28dpikEZ2LSWjI69pN0TmOUzCX0TNFIy13lhYiiabkwAWV9Ndd4pejz5nMuVxwutI3igBPS_oJJXmcrB2OONLakzICjYngVkEIiemRd33Svl_6JORN4js3jlQRG6nAt4Dse-M8CtKTIuCdRr8jERP9bCpZAOBB0Vb9LAUFwFvBF28FjMA2VG5g4WJr-KC1cNfLH07-uZe0GbuTswpcDbBAVaEsJsxENfldwtdNKX72FYmNEt7xYCm0_jBLbMXKRt0.tRgY07eU66VzYJ-_fCiKHOe26RT4O7zqKUZ0X7aRM8c&dib_tag=se&keywords=Icelandic+Hoodies&qid=1770702061&sr=8-6']",Rising
"Natural Gemstone Bracelet – Green Aventurine, Black Lava Rock & Red Tiger Eye Healing Crystal Beaded Bracelet for Men & Women – Chakra Energy, Meditation & Yoga Jewelry",Iceland,regional,166.67,1,Amazon,"['https://www.amazon.co.uk/sspa/click?ie=UTF8&spc=MTozNjc0MTIwNzU0MzM1MTQzOjE3NzA3MDIwNjk6c3BfYXRmOjMwMDY4OTU4NzUwODYzMjo6MDo6&url=%2FLava-Stone-Bracelet-Volcanic-Essential%2Fdp%2FB0FHYPTWSQ%2Fref%3Dsr_1_1_sspa%3Fdib%3DeyJ2IjoiMSJ9.z-eQoOtecv7393JGfnadBb_lmoKhHrGM7C8Q6MGr7mNTInX3vdONildemeCl8guiGoMyA2RF7WuShhOHa18htZYNu__4hF1Y7oHTu8eMwz2aSayPosaGHLAoJPcZ04RzBd16csf7UN0oHE-PxvaXfIPW5qbShER6lw9teP8QReTJQCYyPmmx7N-BCaIhoImbeUeQRjzyqrqHPQNT9rFXOP9r9dBFKgX63qV1gNWtUq2Mt28mrrFsyVzMHeP2KAC4nGCk5eDSlcfwQA9CJlF4gXxv92tXN41DsrkEpyMkcds.ZKE-idUT3JU-jXScOAgYQz4U66zxUhbldV2MuHbLI3M%26dib_tag%3Dse%26keywords%3DVolcanic%2BJewelry%26qid%3D1770702069%26sr%3D8-1-spons%26aref%3D4KAOWbSVKT%26sp_csd%3Dd2lkZ2V0TmFtZT1zcF9hdGY%26psc%3D1&aref=4KAOWbSVKT&sp_cr=ZAZ', 'https://www.amazon.co.uk/Lava-Stone-Bracelet-Volcanic-Essential/dp/B0FHYPTWSQ/ref=sr_1_4?dib=eyJ2IjoiMSJ9.z-eQoOtecv7393JGfnadBb_lmoKhHrGM7C8Q6MGr7mNTInX3vdONildemeCl8guiGoMyA2RF7WuShhOHa18htZYNu__4hF1Y7oHTu8eMwz2aSayPosaGHLAoJPcZ04RzBd16csf7UN0oHE-PxvaXfIPW5qbShER6lw9teP8QReTJQCYyPmmx7N-BCaIhoImbeUeQRjzyqrqHPQNT9rFXOP9r9dBFKgX63qV1gNWtUq2Mt28mrrFsyVzMHeP2KAC4nGCk5eDSlcfwQA9CJlF4gXxv92tXN41DsrkEpyMkcds.ZKE-idUT3JU-jXScOAgYQz4U66zxUhbldV2MuHbLI3M&dib_tag=se&keywords=Volcanic+Jewelry&qid=1770702069&sr=8-4']",Rising
TWS Wireless Earbuds Touchscreen Bluetooth 5.4 Earphones For iPhone & Android,Iceland,regional,166.67,1,eBay,"['https://www.ebay.co.uk/itm/226445714488?_skw=Wireless+Earbuds&itmmeta=01KH31432A5D3576F8Y9K6BEJZ&hash=item34b9376438:g:iDMAAOSwepdnZtA7&itmprp=enc%3AAQALAAAA0GfYFPkwiKCW4ZNSs2u11xAOQvz%2BCiUw%2B9ar8DD4V6vrJuvfd6HNOtA2nKiHzJH2PuAt7DKU5R4b2Kq4uICxAOwMixNgO6ze7eGQd%2FdPmXevUxJ14n63BjRe%2BypKsmczwRFogBxEiWIHQ1n1iJSiIsBY4N0sxn2ct2s87ds7W%2FDy1gpBw5MLJW7U1Cj2Qof7DOxqZKqm7Bu%2FQ7szRqAQ7VlF67AZY%2B611nhKqpZdh9Gi55IGlOM9M9FxsWG8SSS%2Fmn4eakO3iff%2FAo3hc7hxCW8%3D%7Ctkp%3ABlBMUMKxkOGIZw', 'https://www.ebay.co.uk/itm/226741030229?_skw=Wireless+Earbuds&itmmeta=01KH31432AQ9B7HJJ14N323Y2K&hash=item34cad18d55:g:FQwAAOSwzhFoHKSJ&itmprp=enc%3AAQALAAAA0GfYFPkwiKCW4ZNSs2u11xDmFR8wmD0l9K2BD60DLNzCv7M77TVJLoTupDb4OCH3MZxCfNHy6aPabIl%2BDt54kK%2Br2i5TVYqTLq%2FW7F6hUzuwM0ZsvlkMYg%2BJGrTpCW9iZ5TrqBkRkvOgad0s%2FpiOOc6dhKBkYfAi15YIHn136AS2Eno24Nalxjb2E9vREl0gn2lPqGX%2BgwyHIgocV0QOPYJ4KgF%2FajypSG%2FuHzOPc4Mq1G%2BhnWx4n4axq6DuqRSr%2BOZV2MUDflEip5vvxQ78LWY%3D%7Ctkp%3ABlBMUMCxkOGIZw']",Rising
Brynjudalur Hooded Icelandic Wool Jumper with Traditional Pattern and Zip,Iceland,regional,166.67,1,Amazon,"['https://www.amazon.co.uk/sspa/click?ie=UTF8&spc=MTo0MzIxMjMxODAwMTQ5NjMwOjE3NzA3MDIwNjE6c3BfYXRmOjMwMDc4MDgxMDE0NTkzMjo6MDo6&url=%2FICEWEAR-Brynjudalur-Icelandic-Traditional-Pattern%2Fdp%2FB0DYVN8DPC%2Fref%3Dsr_1_2_sspa%3Fdib%3DeyJ2IjoiMSJ9.cD9e_rphmagbwEdXVwpjZppsGvT3xxqY0a0uj4tCAc28dpikEZ2LSWjI69pN0TmOUzCX0TNFIy13lhYiiabkwAWV9Ndd4pejz5nMuVxwutI3igBPS_oJJXmcrB2OONLakzICjYngVkEIiemRd33Svl_6JORN4js3jlQRG6nAt4Dse-M8CtKTIuCdRr8jERP9bCpZAOBB0Vb9LAUFwFvBF28FjMA2VG5g4WJr-KC1cNfLH07-uZe0GbuTswpcDbBAVaEsJsxENfldwtdNKX72FYmNEt7xYCm0_jBLbMXKRt0.tRgY07eU66VzYJ-_fCiKHOe26RT4O7zqKUZ0X7aRM8c%26dib_tag%3Dse%26keywords%3DIcelandic%2BHoodies%26qid%3D1770702061%26sr%3D8-2-spons%26aref%3DKhVSfeVuKM%26sp_csd%3Dd2lkZ2V0TmFtZT1zcF9hdGY%26psc%3D1&aref=KhVSfeVuKM&sp_cr=ZAZ', 'https://www.amazon.co.uk/sspa/click?ie=UTF8&spc=MTo0MzIxMjMxODAwMTQ5NjMwOjE3NzA3MDIwNjE6c3BfYXRmOjMwMDc4MDc3MDM0NTkzMjo6MDo6&url=%2FICEWEAR-Brynjudalur-Icelandic-Jumper-Light%2Fdp%2FB0DYVGX8C1%2Fref%3Dsr_1_3_sspa%3Fdib%3DeyJ2IjoiMSJ9.cD9e_rphmagbwEdXVwpjZppsGvT3xxqY0a0uj4tCAc28dpikEZ2LSWjI69pN0TmOUzCX0TNFIy13lhYiiabkwAWV9Ndd4pejz5nMuVxwutI3igBPS_oJJXmcrB2OONLakzICjYngVkEIiemRd33Svl_6JORN4js3jlQRG6nAt4Dse-M8CtKTIuCdRr8jERP9bCpZAOBB0Vb9LAUFwFvBF28FjMA2VG5g4WJr-KC1cNfLH07-uZe0GbuTswpcDbBAVaEsJsxENfldwtdNKX72FYmNEt7xYCm0_jBLbMXKRt0.tRgY07eU66VzYJ-_fCiKHOe26RT4O7zqKUZ0X7aRM8c%26dib_tag%3Dse%26keywords%3DIcelandic%2BHoodies%26qid%3D1770702061%26sr%3D8-3-spons%26aref%3D2rsb96Xm1O%26sp_csd%3Dd2lkZ2V0TmFtZT1zcF9hdGY%26psc%3D1&aref=2rsb96Xm1O&sp_cr=ZAZ']",Rising
PERSONALISED HORSE HOODIE PONY GYPSY COB ICELANDIC DRESSAGE JOCKEY XMAS GIFT TOP,Iceland,regional,144.45,1,eBay,"['https://www.ebay.co.uk/itm/176264872207?_skw=Icelandic+Hoodies&itmmeta=01KH313M98EEW9Y2N8D4H7BM8B&hash=item290a34810f:g:BvQAAOSwXUplEsxm&itmprp=enc%3AAQALAAAA0GfYFPkwiKCW4ZNSs2u11xCzdkqgmP4YwiVpKz7Mu%2FPcEAxLqzssz2S2ZTqinrbYn6UlTofgYWY3Hxv9rKpbVBRIjb%2FPki7dUKtqi8WBn7zvj46JUFsaCvJwT4KJPDRFSQvbtBJ0kC0v9ousOladFqH4SgntouBH4xJFh8b%2BL%2BCC9P1vKKavQsqRhUL%2Fp437BaRdOxv9JAciXRKUCu7DtSIzoN%2BAkRfnygx3WSWZ0kZrcjxSfclN1gmpoKXwucrb%2FXxj6XDFKBOZsmANpIStQ5s%3D%7Ctkp%3ABk9SR_DEjuGIZw', 'https://www.ebay.co.uk/itm/176817002549?_skw=Icelandic+Hoodies&itmmeta=01KH313M98R1601QCMJK5Y2WGC&hash=item292b1d5835:g:RAsAAOSwmP5lIVgc&itmprp=enc%3AAQALAAAA0GfYFPkwiKCW4ZNSs2u11xAlEBHnPQ3Upe4%2FqFawZblzM35yjgL8RCIqr383YP0p2tloH6DblHynYjn2sSOnNhHbjEE%2BbmGY7Hd6pjfQNJ4p60pe50rqUjYp85bGWDeQERzqC5YwqLAaEZd75E9SQ%2FKJPaNIGIljCTQx4gG9PzaktPpHzSBsyiLf%2FM5LU9Z6I8pMKwIpyTh7dar39KsU1mZERT8XEy4vI%2Bb9rlCGgqHaYUSBgtli%2BG3MsBR5XzZWPPz35JlJzGZYq%2BuwTAhPndM%3D%7Ctkp%3ABk9SR_DEjuGIZw']",Rising
"Wireless Earbuds, 2026 3D-Stereo Bluetooth 5.4 Headphones, Ear Buds with 50+Hrs Deep Bass, 4 ENC Call Noise Cancelling Mic Earphones, IP-X7 Waterproof USB-C Headset Android iOS for Sport Gym Running",Iceland,regional,144.45,1,Amazon,"['https://www.amazon.co.uk/sspa/click?ie=UTF8&spc=MTo3NDIzNzk1MDc2OTc0MDg5OjE3NzA3MDIwNzk6c3BfYXRmOjMwMDkyMzY4MTM1MjAzMjo6MDo6&url=%2F3D-Stereo-Bluetooth-Headphones-Cancelling-Waterproof-Black-PRO%2Fdp%2FB0GHPWBNCH%2Fref%3Dsr_1_3_sspa%3Fdib%3DeyJ2IjoiMSJ9.wPVSA3PKxnYXl7ztA1_XZrpBMCG8r9sSvlEExsVPc6a0k9S6Nuu9psKt7lqSC-e-2CBkTSN6lCSeR8UOdfccpj3lKKVD8nC9pZhvoTkmIOeR2aFJ7e-xavzDu6RGfIEgw5nQB0Qefl-LS-W5zemFMEJInU6pY1o56ag43Z-aSYCCGUBuJWI21z0S4b2uLs1TeWP9W5mn3s4xf1QpC3aOpxadBGZc0dDp-EjA3DxuQiA.xJ_ZDTwORK5FJP8-K_8OcxaSuBWcJRRZdxHSnr6HZFw%26dib_tag%3Dse%26keywords%3DWireless%2BEarbuds%26qid%3D1770702079%26sr%3D8-3-spons%26aref%3DnOMiKY19cF%26sp_csd%3Dd2lkZ2V0TmFtZT1zcF9hdGY%26psc%3D1&aref=nOMiKY19cF&sp_cr=ZAZ', 'https://www.amazon.co.uk/HAOYUYAN-Bluetooth-Headphones-Canceling-Waterproof-Dark-Black/dp/B0GCFJMQF7/ref=sr_1_4?dib=eyJ2IjoiMSJ9.wPVSA3PKxnYXl7ztA1_XZrpBMCG8r9sSvlEExsVPc6a0k9S6Nuu9psKt7lqSC-e-2CBkTSN6lCSeR8UOdfccpj3lKKVD8nC9pZhvoTkmIOeR2aFJ7e-xavzDu6RGfIEgw5nQB0Qefl-LS-W5zemFMEJInU6pY1o56ag43Z-aSYCCGUBuJWI21z0S4b2uLs1TeWP9W5mn3s4xf1QpC3aOpxadBGZc0dDp-EjA3DxuQiA.xJ_ZDTwORK5FJP8-K_8OcxaSuBWcJRRZdxHSnr6HZFw&dib_tag=se&keywords=Wireless+Earbuds&qid=1770702079&sr=8-4']",Rising
Volcanic Lava Bead Bracelet – Buddha Charm Wooden 8mm Beads Men Women Jewelry Gi,Iceland,regional,144.45,1,eBay,"['https://www.ebay.co.uk/itm/366169248876?_skw=Volcanic+Jewelry&itmmeta=01KH313TH5H34NFBNEY6705CKP&hash=item554163546c:g:BSEAAeSwgTFpeivr&itmprp=enc%3AAQALAAAA8GfYFPkwiKCW4ZNSs2u11xBNXZpwWmQXkATyLAy3JaanilnUEBqx%2FqvjiczcADH7i52Dg1XoFIJMjFh834%2BvJqWOnkXm6hqOTKyStTCfE05wvTlfP31NvQW7v1OfNC5f1xrI2sGTKEd8cDz1bBf%2F%2BiDS2RLXX1tGIJn8CdUs%2FMDoZKsGKMH9XwcuowOR0al%2BHOvFKUcCkjlm05Hg8IR6GymfVc9PSx1OJYHRq8Y%2FVF5ZybHGDKyRXY7Xr1T2AYsXH5I9hJ%2BNIcf0%2BSAn%2FzQh8%2BgLqNMXtqmaeJB6zdujexx%2Bzf3Gx2EUyIZqgdsD7obq4Q%3D%3D%7Ctkp%3ABFBM9KiP4Yhn', 'https://www.ebay.co.uk/itm/286909520136?_skw=Volcanic+Jewelry&itmmeta=01KH313TH5QJ1CZGMDP6SQXNYE&hash=item42cd23d908:g:h0oAAeSweWlpBPeH&itmprp=enc%3AAQALAAAA8GfYFPkwiKCW4ZNSs2u11xD5dbo9ZIK01GSGqFA44UZvVaJHV8CkCuIsiHvC%2Fcx76Vk9IhDq777qUmev%2FrKDspFGdee1r6%2FEl4dJ8UZ%2FvK8XOqQi5RXUsTCAiCG%2FYa%2BIa5jjszXKrhSwvvcxCCdEvgc%2BAiQu%2F73lrNEdYXy%2FvYcizX8d6RPT5F%2BXWFNtsGKe%2FnM8HL2ck9dlQa%2BzG9R6udmyseX%2Fq4APkz4QPalK8YzTdnnwjQMnIUExRPLYIMbbcuyDDgiKlVFXm7IMRWfHKT4qHdjCJTINp2O1iDcwbB7uXTvzA9Eewo5zzPCOwtqCRw%3D%3D%7Ctkp%3ABFBM9KiP4Yhn']",Rising
"Smart Watch for Men Women Answer/Make Calls, 1.85"" Touchscreen smartwatch with Heart Rate/Sleep Monitor/Step Counter, 110+ Sports Activity Trackers, IP68 Waterproof Fitness Watch for Android/iOS",Iceland,regional,144.44,1,Amazon,"['https://www.amazon.co.uk/Watches-Samsung-Android-Fitness-Waterproof-Black/dp/B0CRHD89D6/ref=sr_1_6?dib=eyJ2IjoiMSJ9.NPSokQD9VMXbNVaSLfI9hR9GZovUdmjuJZzHeJo91hrjXRFhUUn5XvDPvQBeEGRZH8C0RmoSIwiEqkjIMzJiAOrfZrdqudJWvwOqsYEaatxu5uw8U6sMwHlYDUMb-o03li-FXvkfEzLVXAEAhGMM7nuWM7XIlEfD9TdlDrPnf17iu2ClMPqVKlPCCl6aBXOV5hexFMMr6UETyr5gAQLzQvW7CNb4JJqPuGn-eQct6x4.Qvk948GZIGS-32ioOcI7e7be6x4iE49tu-4-4V-3dR8&dib_tag=se&keywords=Smart+Watches&qid=1770702084&sr=8-6', 'https://www.amazon.co.uk/sspa/click?ie=UTF8&spc=MTo2NTk4MTAyMDg0MjI1NjE4OjE3NzA3MDIwODQ6c3BfYXRmOjMwMDg2MjA5OTY0MjYzMjo6MDo6&url=%2FDonerton-Digital-Display-Activity-Tracker-Black%2Fdp%2FB0DXL5L949%2Fref%3Dsr_1_1_sspa%3Fdib%3DeyJ2IjoiMSJ9.NPSokQD9VMXbNVaSLfI9hR9GZovUdmjuJZzHeJo91hrjXRFhUUn5XvDPvQBeEGRZH8C0RmoSIwiEqkjIMzJiAOrfZrdqudJWvwOqsYEaatxu5uw8U6sMwHlYDUMb-o03li-FXvkfEzLVXAEAhGMM7nuWM7XIlEfD9TdlDrPnf17iu2ClMPqVKlPCCl6aBXOV5hexFMMr6UETyr5gAQLzQvW7CNb4JJqPuGn-eQct6x4.Qvk948GZIGS-32ioOcI7e7be6x4iE49tu-4-4V-3dR8%26dib_tag%3Dse%26keywords%3DSmart%2BWatches%26qid%3D1770702084%26sr%3D8-1-spons%26aref%3DtNvzsWoVZC%26sp_csd%3Dd2lkZ2V0TmFtZT1zcF9hdGY%26psc%3D1&aref=tNvzsWoVZC&sp_cr=ZAZ', 'https://www.amazon.co.uk/Fitness-Bluetooth-Smartwatch-Waterproof-Activity-Black/dp/B0FSPMX18G/ref=sr_1_10?dib=eyJ2IjoiMSJ9.NPSokQD9VMXbNVaSLfI9hR9GZovUdmjuJZzHeJo91hrjXRFhUUn5XvDPvQBeEGRZH8C0RmoSIwiEqkjIMzJiAOrfZrdqudJWvwOqsYEaatxu5uw8U6sMwHlYDUMb-o03li-FXvkfEzLVXAEAhGMM7nuWM7XIlEfD9TdlDrPnf17iu2ClMPqVKlPCCl6aBXOV5hexFMMr6UETyr5gAQLzQvW7CNb4JJqPuGn-eQct6x4.Qvk948GZIGS-32ioOcI7e7be6x4iE49tu-4-4V-3dR8&dib_tag=se&keywords=Smart+Watches&qid=1770702084&sr=8-10']",Rising
"Vegan Chocolate - Ombar Coco M’lk 55% Cacao Chocolate (35g x 10 Bars) Organic, Fair Trade, Dairy Free and Gluten Free Chocolate",Iceland,regional,133.33,1,Amazon,"['https://www.amazon.co.uk/sspa/click?ie=UTF8&spc=MTo2ODgxNzUxOTM0MjI1MTk5OjE3NzA3MDIwNzU6c3BfYXRmOjIwMTEyMjI5NDgzNTk4OjowOjo&url=%2FVegan-Chocolate-Ombar-Organic-Gluten%2Fdp%2FB0BQWMV84R%2Fref%3Dsr_1_2_sspa%3Fdib%3DeyJ2IjoiMSJ9.KDkWbTv79Yb0qJRJHX0jdJwo8oKaF1wR_gKhf3ocN_Os1WHdr-7XL5WwDFwJ4LJsOwsm7leU3DKvxLJ8rmjQhWzGxWQOU0VLARQNWShPupasnrUyGlySSRwqB6pVOrrzaXifOujY6XEIoStERCaD3ZFDtgaf_IRyr77wlK03XwZe9er39p6ryCKyUpRa7WIVmDgJCSKPdvUAjPav-dvZkmN9BA1z1QgWAeK5K6HsULQ.DVzdHE1L77JZFEnmZplD9Tjn-LkU1ECa5YeEb6qjnhg%26dib_tag%3Dse%26keywords%3DOmnom%2BChocolate%26qid%3D1770702075%26sr%3D8-2-spons%26aref%3DhNQr5j3vYx%26sp_csd%3Dd2lkZ2V0TmFtZT1zcF9hdGY%26psc%3D1&aref=hNQr5j3vYx&sp_cr=ZAZ', 'https://www.amazon.co.uk/Vegan-Chocolate-Ombar-Organic-Gluten/dp/B0BQWMV84R/ref=sr_1_6?dib=eyJ2IjoiMSJ9.KDkWbTv79Yb0qJRJHX0jdJwo8oKaF1wR_gKhf3ocN_Os1WHdr-7XL5WwDFwJ4LJsOwsm7leU3DKvxLJ8rmjQhWzGxWQOU0VLARQNWShPupasnrUyGlySSRwqB6pVOrrzaXifOujY6XEIoStERCaD3ZFDtgaf_IRyr77wlK03XwZe9er39p6ryCKyUpRa7WIVmDgJCSKPdvUAjPav-dvZkmN9BA1z1QgWAeK5K6HsULQ.DVzdHE1L77JZFEnmZplD9Tjn-LkU1ECa5YeEb6qjnhg&dib_tag=se&keywords=Omnom+Chocolate&qid=1770702075&sr=8-6', 'https://www.amazon.co.uk/Vegan-Chocolate-Bar-Organic-Original/dp/B09M4QKXM9/ref=sr_1_10?dib=eyJ2IjoiMSJ9.KDkWbTv79Yb0qJRJHX0jdJwo8oKaF1wR_gKhf3ocN_Os1WHdr-7XL5WwDFwJ4LJsOwsm7leU3DKvxLJ8rmjQhWzGxWQOU0VLARQNWShPupasnrUyGlySSRwqB6pVOrrzaXifOujY6XEIoStERCaD3ZFDtgaf_IRyr77wlK03XwZe9er39p6ryCKyUpRa7WIVmDgJCSKPdvUAjPav-dvZkmN9BA1z1QgWAeK5K6HsULQ.DVzdHE1L77JZFEnmZplD9Tjn-LkU1ECa5YeEb6qjnhg&dib_tag=se&keywords=Omnom+Chocolate&qid=1770702075&sr=8-10']",Rising
"Wireless Earbuds, Bluetooth 5.3 Headphones In Ear with 4 ENC Noise Cancelling Mic, Btootos New Bluetooth Earbuds Mini Deep Bass Stereo Sound, 36H Playtime LED Display Wireless Earphones IP7 Waterproof",Iceland,regional,111.11,1,Amazon,"['https://www.amazon.co.uk/sspa/click?ie=UTF8&spc=MTo3NDIzNzk1MDc2OTc0MDg5OjE3NzA3MDIwNzk6c3BfYXRmOjMwMDU2MjQ4OTcxMjczMjo6MDo6&url=%2FBluetooth-Headphones-Cancelling-Btootos-Waterproof-Black%2Fdp%2FB0BCKHQGJN%2Fref%3Dsr_1_1_sspa%3Fdib%3DeyJ2IjoiMSJ9.wPVSA3PKxnYXl7ztA1_XZrpBMCG8r9sSvlEExsVPc6a0k9S6Nuu9psKt7lqSC-e-2CBkTSN6lCSeR8UOdfccpj3lKKVD8nC9pZhvoTkmIOeR2aFJ7e-xavzDu6RGfIEgw5nQB0Qefl-LS-W5zemFMEJInU6pY1o56ag43Z-aSYCCGUBuJWI21z0S4b2uLs1TeWP9W5mn3s4xf1QpC3aOpxadBGZc0dDp-EjA3DxuQiA.xJ_ZDTwORK5FJP8-K_8OcxaSuBWcJRRZdxHSnr6HZFw%26dib_tag%3Dse%26keywords%3DWireless%2BEarbuds%26qid%3D1770702079%26sr%3D8-1-spons%26aref%3DqWCfuVgu0x%26sp_csd%3Dd2lkZ2V0TmFtZT1zcF9hdGY%26psc%3D1&aref=qWCfuVgu0x&sp_cr=ZAZ', 'https://www.amazon.co.uk/sspa/click?ie=UTF8&spc=MTo3NDIzNzk1MDc2OTc0MDg5OjE3NzA3MDIwNzk6c3BfbXRmOjMwMDkzNzExNjkzMjUzMjo6MDo6&url=%2FZYHKON-Multifunctional-Touchscreen-Bluetooth-Headphones-Black%2Fdp%2FB0GD6J41LL%2Fref%3Dsr_1_9_sspa%3Fdib%3DeyJ2IjoiMSJ9.wPVSA3PKxnYXl7ztA1_XZrpBMCG8r9sSvlEExsVPc6a0k9S6Nuu9psKt7lqSC-e-2CBkTSN6lCSeR8UOdfccpj3lKKVD8nC9pZhvoTkmIOeR2aFJ7e-xavzDu6RGfIEgw5nQB0Qefl-LS-W5zemFMEJInU6pY1o56ag43Z-aSYCCGUBuJWI21z0S4b2uLs1TeWP9W5mn3s4xf1QpC3aOpxadBGZc0dDp-EjA3DxuQiA.xJ_ZDTwORK5FJP8-K_8OcxaSuBWcJRRZdxHSnr6HZFw%26dib_tag%3Dse%26keywords%3DWireless%2BEarbuds%26qid%3D1770702079%26sr%3D8-9-spons%26aref%3DyvKgLrfwed%26sp_csd%3Dd2lkZ2V0TmFtZT1zcF9tdGY%26psc%3D1&aref=yvKgLrfwed&sp_cr=ZAZ']",Rising
"Garmin vívoactive 5 GPS Smartwatch, AMOLED Touchscreen",Iceland,regional,111.11,1,Amazon,"['https://www.amazon.co.uk/Garmin-v%C3%ADvoactive-Smartwatch-Monitoring-Personalised/dp/B0CG6NR413/ref=sr_1_3?dib=eyJ2IjoiMSJ9.NPSokQD9VMXbNVaSLfI9hR9GZovUdmjuJZzHeJo91hrjXRFhUUn5XvDPvQBeEGRZH8C0RmoSIwiEqkjIMzJiAOrfZrdqudJWvwOqsYEaatxu5uw8U6sMwHlYDUMb-o03li-FXvkfEzLVXAEAhGMM7nuWM7XIlEfD9TdlDrPnf17iu2ClMPqVKlPCCl6aBXOV5hexFMMr6UETyr5gAQLzQvW7CNb4JJqPuGn-eQct6x4.Qvk948GZIGS-32ioOcI7e7be6x4iE49tu-4-4V-3dR8&dib_tag=se&keywords=Smart+Watches&qid=1770702084&sr=8-3', 'https://www.amazon.co.uk/Garmin-v%C3%ADvoactive-Smartwatch-Monitoring-Personalised/dp/B0CG6LLQX3/ref=sr_1_7?dib=eyJ2IjoiMSJ9.NPSokQD9VMXbNVaSLfI9hR9GZovUdmjuJZzHeJo91hrjXRFhUUn5XvDPvQBeEGRZH8C0RmoSIwiEqkjIMzJiAOrfZrdqudJWvwOqsYEaatxu5uw8U6sMwHlYDUMb-o03li-FXvkfEzLVXAEAhGMM7nuWM7XIlEfD9TdlDrPnf17iu2ClMPqVKlPCCl6aBXOV5hexFMMr6UETyr5gAQLzQvW7CNb4JJqPuGn-eQct6x4.Qvk948GZIGS-32ioOcI7e7be6x4iE49tu-4-4V-3dR8&dib_tag=se&keywords=Smart+Watches&qid=1770702084&sr=8-7']",Rising
Super7 - Sesame Street - FUN! FUN! Wv2 - Cookie Monster [New Toy] Action Figur,Iceland,regional,111.11,1,eBay,"['https://www.ebay.co.uk/itm/236595170985?_skw=Omnom+Chocolate&itmmeta=01KH313YKTATKRH1NTMK6CM0NY&hash=item37162bcea9:g:bNsAAeSwfg5pcizp&itmprp=enc%3AAQALAAAA8GfYFPkwiKCW4ZNSs2u11xCIi5Tb15pkqWjM2WU98YNbiYoVWbEf87PWs0IP2n5ZblI6Dlb4cHMYsrRo3DwbMtrLojc%2F8798rInQTqPH%2Bxe2rB9gh%2FWZEaTicBRzk7JN3%2BKrAaKNLILWw04dydxgHi2e1%2BixCGz0j1RJnucaqIXr4idgxJhHCWhq4eodT5O5eKRflT1HMJYAuLO2qtXIezaI6LXYdR3ucxgnXINqECm2sfWIrxJRYd%2BdbYpKxJ2Q7QgXz1fe4pyKFm5%2B7PaRcxUqoZ%2BsYJVUXhzTGHlOz8nja3NyfksVdmlf5v0pVK3EvQ%3D%3D%7Ctkp%3ABk9SR4Tqj-GIZw', 'https://www.ebay.co.uk/itm/376718521046?_skw=Omnom+Chocolate&itmmeta=01KH313YKT147454ZCVZDF49ZD&hash=item57b62c72d6:g:9QwAAeSwc51pdoMV&itmprp=enc%3AAQALAAAA8GfYFPkwiKCW4ZNSs2u11xCChRPInqG%2B0HbF7PRsO1%2FI59oxhliX9oRzhghrMlk5CIZ2bgB1DdTqKUFR%2B95HmB%2FfgnBrpC9yOFWhkhoA22XhxrwITBvnDaPzZrlg%2Bmqy1PZ%2BrIqczvyvc1I73epgqnIBmfYrVKBveTZb5paZoeDmslah%2FjOVmcVIH0PwjyFWy6omA9sSMcikK%2FYKoZPOjo40Y0lZZadzH%2F0awuyoPcRkJnHy5kPTUadmQoSbuF5YUc9hKHtGoeDmte5tW59%2B6y8US--1dMlZldP2H%2BXXNVGlebEIcc8d%2FG9VOgGLZVje5Q%3D%3D%7Ctkp%3ABFBMhOqP4Yhn']",Rising
MADE IN ICELAND UNISEX HOODIE MENS WOMENS LADIES GIFT CHRISTMAS BIRTHDAY 50TH,Iceland,regional,100.0,1,eBay,['https://www.ebay.co.uk/itm/283238258707?_skw=Icelandic+Hoodies&itmmeta=01KH313M98BEV3VC3XTP2J1GGW&hash=item41f250d813:g:5K8AAOSwt0db2hzl&itmprp=enc%3AAQALAAAA0GfYFPkwiKCW4ZNSs2u11xDdf8lC3DgkVmmYZ1dlemczSSD0uVpz5XvOnBbJ7rAKcHvmJObwH90mNEQFBWS1OS7uHc7wiiIGlz8jUDUBBbTPm89YBtELNVlwhMvisK4wRuhzbvchyvY%2FqUT4SMobagqqRU%2F0EC2k%2Fb98IjMwMRKG4RsT1sFtWf%2BFzqgBvAWeZx60idue82HrZQIYLSP9%2Fi7T6vbz93G6wBuogjmhQcSZkUG2MCNRvHqUXu1KRiFcs0cx53C4xOMAzaV329sV9bo%3D%7Ctkp%3ABlBMUPDEjuGIZw'],Rising
The Eskimo Blanket Hoodie Sweatshirt Hooded Blankets Super Soft Warm Premium Sherpa Fleece – Oversized Adults One Size Fits All Unisex Mens Women Hoody Jumper Sweater,Iceland,regional,100.0,1,Amazon,['https://www.amazon.co.uk/sspa/click?ie=UTF8&spc=MTo0MzIxMjMxODAwMTQ5NjMwOjE3NzA3MDIwNjE6c3BfYXRmOjMwMDA4NzI2MTE1NDQzMjo6MDo6&url=%2FEskimo-Blanket-Sweatshirt-Snug-Rug%2Fdp%2FB08P1Z6M2M%2Fref%3Dsr_1_1_sspa%3Fdib%3DeyJ2IjoiMSJ9.cD9e_rphmagbwEdXVwpjZppsGvT3xxqY0a0uj4tCAc28dpikEZ2LSWjI69pN0TmOUzCX0TNFIy13lhYiiabkwAWV9Ndd4pejz5nMuVxwutI3igBPS_oJJXmcrB2OONLakzICjYngVkEIiemRd33Svl_6JORN4js3jlQRG6nAt4Dse-M8CtKTIuCdRr8jERP9bCpZAOBB0Vb9LAUFwFvBF28FjMA2VG5g4WJr-KC1cNfLH07-uZe0GbuTswpcDbBAVaEsJsxENfldwtdNKX72FYmNEt7xYCm0_jBLbMXKRt0.tRgY07eU66VzYJ-_fCiKHOe26RT4O7zqKUZ0X7aRM8c%26dib_tag%3Dse%26keywords%3DIcelandic%2BHoodies%26qid%3D1770702061%26sr%3D8-1-spons%26aref%3DpMDSoiOFac%26sp_csd%3Dd2lkZ2V0TmFtZT1zcF9hdGY%26psc%3D1&aref=pMDSoiOFac&sp_cr=ZAZ'],Rising
"Easter Hunt, Perfect Easter Chocolate Gift for Kids",Iceland,regional,100.0,1,Amazon,['https://www.amazon.co.uk/NOMO-Easter-Hunt-Perfect-Chocolate/dp/B0DX2LQTT3/ref=sr_1_1_uk_f3_0o_morri?dib=eyJ2IjoiMSJ9.KDkWbTv79Yb0qJRJHX0jdJwo8oKaF1wR_gKhf3ocN_Os1WHdr-7XL5WwDFwJ4LJsOwsm7leU3DKvxLJ8rmjQhWzGxWQOU0VLARQNWShPupasnrUyGlySSRwqB6pVOrrzaXifOujY6XEIoStERCaD3ZFDtgaf_IRyr77wlK03XwZe9er39p6ryCKyUpRa7WIVmDgJCSKPdvUAjPav-dvZkmN9BA1z1QgWAeK5K6HsULQ.DVzdHE1L77JZFEnmZplD9Tjn-LkU1ECa5YeEb6qjnhg&dib_tag=se&keywords=Omnom+Chocolate&qid=1770702075&sr=8-1'],Rising
Cadbury Dairy Milk Christmas Bar 90g – Festive Milk Chocolate Stocking Gift,Iceland,regional,100.0,1,eBay,['https://www.ebay.co.uk/itm/277534839191?_skw=Omnom+Chocolate&itmmeta=01KH313YKT0KSGDYTVJP1EB79M&hash=item409e5d9197:g:CWsAAeSw7-5pJt7w&itmprp=enc%3AAQALAAAA0GfYFPkwiKCW4ZNSs2u11xDTUyF6cCPda4B0Ku4BIViUEo3q8sz6rKhI0npdNLT%2BB2EOerFtBFLEQNTWkZPqD%2F3xIoxCSss90M84RrWSTd0ZOjEWvWAYb1QLgJFlaqSl4lHTJHvMJ01yxGH9hNlGeJQBFiauWBJRx1W9s%2BNcKJcBpFwIa0VIB94Ozbg7KnDVjVEGBLe0Dcf%2BIgLgjm3YFc1z11c%2BnAS6S6ErolsL%2F6vN8kY3SJJXepRGRxm7NvW%2Fm%2FeLygXR%2BbiUbwUbIxttDl0%3D%7Ctkp%3ABlBMUITqj-GIZw'],Rising
Handmade Coral Necklace with Lava Beads – Ukrainian Artisan Jewelry,Iceland,regional,100.0,1,eBay,['https://www.ebay.co.uk/itm/136988254934?_skw=Volcanic+Jewelry&itmmeta=01KH313TH5KXSR330HFJ9SC2XD&hash=item1fe522e2d6:g:JuIAAeSw9aBpeHZ0&itmprp=enc%3AAQALAAAA0GfYFPkwiKCW4ZNSs2u11xD1A%2FrAeO24Q%2FBKnxdbwbQ%2F9qs1xQUptTmwQhHwA6s8bJ4G1OIHD5yU8IZEayVZeDg6NiW0mFh37fPlq8%2BpGpEKsSy06%2BI3OoPsYtKyBN1efUmnpAvg33K8Wpwp%2ByBByndrGWEdUJ84%2BjErOUHZMAVuR%2FZRs%2FrKqrbnbE2WIo9aBjlmMVDCzRWYw6uYzAv2KNV96S%2B7Fkq0b%2BWmN454XY5EgB%2FlbTUMInknn9rGvEWSOdV3mwzEQhlZAWcS%2B2I7AS4%3D%7Ctkp%3ABk9SR_Soj-GIZw'],Rising
"ELEMIS Pro-Collagen Cleansing Balm 100g – Original, Rose, Fig, Black Cherry & Fragrance-Free – Nourishing Makeup Remover & Deep Cleansing Balm",Iceland,regional,100.0,1,Amazon,['https://www.amazon.co.uk/sspa/click?ie=UTF8&spc=MTo0NDMzNTAzNDM1ODA2MjUyOjE3NzA3MDIwOTA6c3BfYXRmOjMwMDc5NjU1NDE5OTYzMjo6MDo6&url=%2FElemis-Pro-Collagen-Cleansing-Balm-100G%2Fdp%2FB08MJZYW8P%2Fref%3Dsr_1_1_sspa%3Fdib%3DeyJ2IjoiMSJ9.oJejy4D6BAJHQIjtesxQ9hpUQOCfHNwjwnfdIqFHmx1h0nad6yUG1Tlm_7Efj-pUxZTWeCkVyJKwoDL3ef8h80d1-LCf3isI5OwR0S7A6A_M0b6rqd8qTrZprals3CQ-IE443dRQyCj5RknqJzpRQxOt6As5qwPEuxI2AdBhhV1Go0XMYdLGWbZT5SIhakX1ZjgE7bmHDauLumtgk9GzfEXUjlWFmJguO7ow7PLyLndS60_67-ant9BgUpYo1912ATPS_OZnjVVXZNZMvdP4sNNDPlVwmaEkyW0je0KHqJw.8vGNhhyzAJbETTyuCLMiEV7o7uvtE5LAr7eysH2Y94k%26dib_tag%3Dse%26keywords%3DSkincare%2BProducts%26qid%3D1770702089%26sr%3D8-1-spons%26aref%3DOBXwadDnJg%26sp_csd%3Dd2lkZ2V0TmFtZT1zcF9hdGY%26psc%3D1&aref=OBXwadDnJg&sp_cr=ZAZ'],Rising
Samsung Galaxy Watch7 Bluetooth,Iceland,regional,100.0,1,eBay,"['https://www.ebay.co.uk/itm/366002213178?_skw=Smart+Watches&epid=27031183373&itmmeta=01KH31480SRK72ZH4ENXTPGYKS&hash=item55376e913a:g:sxQAAeSw23BpHfZj&itmprp=enc%3AAQALAAAA0GfYFPkwiKCW4ZNSs2u11xAeV3GYIu4abNfhNuK13B9KkkAQpCGvNw%2FufD0IbsiEU0a5KYJyrtsTYqtsDvcWL7BSXw1s3iOWIMbMFjMjb0jtWmWlDl5dmZVhdmuM1%2BFfophOwPAH2JnrEtDY3yCQUKUNwMvpiNXawCfDPyEjF7uAjaXysrDdVs7DogxyBoydCUISQ9iZ3hQZto%2Bza%2BfkEK2MUXggNPLxlNthpjn6SnhVa0I0Hcrv4WYazqL16czFkVkSmbeaBWUy5uWE8jmny%2FQ%3D%7Ctkp%3ABk9SR_KAkeGIZw', 'https://www.ebay.co.uk/itm/388240441443?_skw=Smart+Watches&itmmeta=01KH31480SAAH1DEXYYBEK7E2V&hash=item5a64ef0063:g:inkAAOSwnwJniTuO&itmprp=enc%3AAQALAAAA0GfYFPkwiKCW4ZNSs2u11xC%2BM%2BjTwjbBFxkYSkauKbUTGkc%2FhsxOyfxlUQTb2sLZObMcNq9FGTzf%2BrYpZITQJh0crQykV8g5YC2eq%2F2yuyAtlY0B98ygU3YoogCTvjrnTQbtqEZilPGH1HRe7auVMduYWZPkoMnbeoSNJien5sc2K6wmGGycigYaLJRAtusHMeNbhbgsKl91a50pY9S4u13uKJV%2FnzRmNmAKYBU2oKqXW8AJxCHgn9oaVRzsTHY8DZy4Hi%2FFvXDRsmjwhJOUXOA%3D%7Ctkp%3ABlBMUPCAkeGIZw']",Rising
Rose Oil Face Hair Body Removes Dark Spots Skin Marks Brighten Recover Dry Skin,Iceland,regional,100.0,1,eBay,['https://www.ebay.co.uk/itm/125822954414?_skw=Skincare+Products&itmmeta=01KH314DN4S4S9KREH3QGRMDBJ&hash=item1d4ba1ebae:g:G-0AAOSwIFRkEaJQ&itmprp=enc%3AAQALAAAA0GfYFPkwiKCW4ZNSs2u11xA7MuXwxx5Oe%2B9O00ejlxAY30N9Cw92Z7GaDw8mcRBVuefLGiCW1ZfYicvRDZqrzUmG0DJLiWgOqYunl9MlGcXG9Iyq9widP9j7ooGA%2FkPkOLQ3%2BA52trr5n55A2o8kVqm2I4qTz0P8N2chiQ%2FuImUopmUgGLiFRycvKbiwIjDooG2O96zVakRd30SZC05wLykBogAO3B3CpHdMRxEs6wFM19Fc1RWKWX8jnYp%2BDCP%2Fr7tzBN9AqP%2BMoAr0mic8yhw%3D%7Ctkp%3ABlBMUODbkeGIZw'],Rising
"Smart Watches for Women Men, 1.83 inches HD Smartwatch with 120 Sports Modes, Heart Rate/Sleep Monitor, IP67 Waterproof, Bluetooth Call & Music Control for iPhone/Android (Deep Black)",Iceland,regional,88.89,1,Amazon,['https://www.amazon.co.uk/TRAUSI-Watches-Smartwatch-Waterproof-Bluetooth-Deep-Black/dp/B0GJSFSV1M/ref=sr_1_2?dib=eyJ2IjoiMSJ9.NPSokQD9VMXbNVaSLfI9hR9GZovUdmjuJZzHeJo91hrjXRFhUUn5XvDPvQBeEGRZH8C0RmoSIwiEqkjIMzJiAOrfZrdqudJWvwOqsYEaatxu5uw8U6sMwHlYDUMb-o03li-FXvkfEzLVXAEAhGMM7nuWM7XIlEfD9TdlDrPnf17iu2ClMPqVKlPCCl6aBXOV5hexFMMr6UETyr5gAQLzQvW7CNb4JJqPuGn-eQct6x4.Qvk948GZIGS-32ioOcI7e7be6x4iE49tu-4-4V-3dR8&dib_tag=se&keywords=Smart+Watches&qid=1770702084&sr=8-2'],Rising
"Protection Crystals Mens Bracelet Tiger Eye, Natural Stone Multicolored Tiger Eye Bracelet for Men, HASKARE Healing Crystals Unique Energy Beads Bracelet Gift for Men Jewelry Trendy Spiritual Relief",Iceland,regional,88.89,1,Amazon,['https://www.amazon.co.uk/sspa/click?ie=UTF8&spc=MTozNjc0MTIwNzU0MzM1MTQzOjE3NzA3MDIwNjk6c3BfYXRmOjMwMDEzODQzODY3ODEzMjo6MDo6&url=%2FProtection-Crystals-Multicolored-HASKARE-Spiritual%2Fdp%2FB0CQZJ8XDK%2Fref%3Dsr_1_2_sspa%3Fdib%3DeyJ2IjoiMSJ9.z-eQoOtecv7393JGfnadBb_lmoKhHrGM7C8Q6MGr7mNTInX3vdONildemeCl8guiGoMyA2RF7WuShhOHa18htZYNu__4hF1Y7oHTu8eMwz2aSayPosaGHLAoJPcZ04RzBd16csf7UN0oHE-PxvaXfIPW5qbShER6lw9teP8QReTJQCYyPmmx7N-BCaIhoImbeUeQRjzyqrqHPQNT9rFXOP9r9dBFKgX63qV1gNWtUq2Mt28mrrFsyVzMHeP2KAC4nGCk5eDSlcfwQA9CJlF4gXxv92tXN41DsrkEpyMkcds.ZKE-idUT3JU-jXScOAgYQz4U66zxUhbldV2MuHbLI3M%26dib_tag%3Dse%26keywords%3DVolcanic%2BJewelry%26qid%3D1770702069%26sr%3D8-2-spons%26aref%3DkGeTMddgZA%26sp_csd%3Dd2lkZ2V0TmFtZT1zcF9hdGY%26psc%3D1&aref=kGeTMddgZA&sp_cr=ZAZ'],Rising
"Wireless Earbuds, Bluetooth 5.4 Headphones in Ear 2025 Wireless Earphones with 4 ENC Mic, Mini Ear buds with HiFi Stereo Deep Bass, 56H Playtime Dual LED Display, Bluetooth Earbud IP7 Waterproof USB-C",Iceland,regional,88.89,1,Amazon,['https://www.amazon.co.uk/sspa/click?ie=UTF8&spc=MTo3NDIzNzk1MDc2OTc0MDg5OjE3NzA3MDIwNzk6c3BfYXRmOjMwMDgyNjI1MTg5NDMzMjo6MDo6&url=%2FWireless-Bluetooth-Headphones-Earphones-Waterproof-Deep-Black%2Fdp%2FB0G1T73J17%2Fref%3Dsr_1_2_sspa%3Fdib%3DeyJ2IjoiMSJ9.wPVSA3PKxnYXl7ztA1_XZrpBMCG8r9sSvlEExsVPc6a0k9S6Nuu9psKt7lqSC-e-2CBkTSN6lCSeR8UOdfccpj3lKKVD8nC9pZhvoTkmIOeR2aFJ7e-xavzDu6RGfIEgw5nQB0Qefl-LS-W5zemFMEJInU6pY1o56ag43Z-aSYCCGUBuJWI21z0S4b2uLs1TeWP9W5mn3s4xf1QpC3aOpxadBGZc0dDp-EjA3DxuQiA.xJ_ZDTwORK5FJP8-K_8OcxaSuBWcJRRZdxHSnr6HZFw%26dib_tag%3Dse%26keywords%3DWireless%2BEarbuds%26qid%3D1770702079%26sr%3D8-2-spons%26aref%3Drc9POIkxZA%26sp_csd%3Dd2lkZ2V0TmFtZT1zcF9hdGY%26psc%3D1&aref=rc9POIkxZA&sp_cr=ZAZ'],Rising
Om Nom Nom! Men's Shirt 2XL Tan Ramen O Ramen Short Sleeve,Iceland,regional,88.89,1,eBay,['https://www.ebay.co.uk/itm/286093765405?_skw=Omnom+Chocolate&itmmeta=01KH313YKTN7P2R1YM0APJM5G3&hash=item429c846b1d:g:TMwAAOSw4Ipjzp-x&itmprp=enc%3AAQALAAAA8GfYFPkwiKCW4ZNSs2u11xCvZvjuz9SZIol2dY6Mq%2FPgoF%2FRaeGDYrAobg43j%2B%2FKWivMXKY7Qn0Osl5K9lUyL4e08YhuaHK0lU4RZIaORRzcXvCJy4QH37LdLuGmjIr%2B4pD4JwQhcf0CBwshZiwStzR665F%2BjBxgp%2BrBJL2m2YHNOe1UYdUVQ7uWYvc%2FjQRa4vxLN7pzN%2Fua7zv2Vj7%2Fae5Y1iNUL3H5l03m9WkZ%2BfLw9FY95J%2FQU7Z50Xn%2FrORcvMohjsiVP0YoCc25CClfgAfQgwS7NqiZp8P%2BaMy1cORdRivylbl%2Bv0oOv2TY%2FnuPow%3D%3D%7Ctkp%3ABFBMhOqP4Yhn'],Rising
Military Rugged Smart Watch for Men with Bluetooth Call(Answer/Make Call) Gift,Iceland,regional,88.89,1,eBay,['https://www.ebay.co.uk/itm/366107491622?_skw=Smart+Watches&itmmeta=01KH31480SXCYPKK7TFE2M591S&hash=item553db4fd26:g:AbAAAeSwPVZpXgeI&itmprp=enc%3AAQALAAAAwGfYFPkwiKCW4ZNSs2u11xBmblePBZd4rU5L1OFNtoehusiJRP8ZnVr6zQ5v2dA0rLaUOqZkGOmyLvM7W36Fu5XCR7tQF6GirQl%2BEAcwJrpBB58hjYeyZKaVNYcT081bMvZeduUPwf6qiwyVVjlMniUWW1RK4IrXPK9H4zvGJ1fBJOy%2FR9vPRfrHMxXpyiQjN3nzWr0GtQsEmTnailkob1GGgTN7LZfDvjCM%2Fr9SWY5imnmP9YuSw5zYuyUCfsnc6Q%3D%3D%7Ctkp%3ABlBMUPCAkeGIZw'],Rising
ICELAND SCRIBBLE FLAG UNISEX HOODIE TOP GIFT ÍSLAND ICELANDIC,Iceland,regional,88.89,1,eBay,['https://www.ebay.co.uk/itm/283213484593?_skw=Icelandic+Hoodies&itmmeta=01KH313M98FJJXQNK1EMKBTPDE&hash=item41f0d6d231:g:rEMAAOSw15Zbxclt&itmprp=enc%3AAQALAAAA0GfYFPkwiKCW4ZNSs2u11xAMfCfGt%2Bmd5EUAKwp4CMrkbiC0enG%2BFbYWFQaGsJP8IWxuYQNtYebfgXN6eyVYHaBIVjcMVmNl7j%2FHT04ikEszGqnhgBQKmCz0OEyDj9tS%2B0D6BinRPH8k8a%2FseG204s39xThJAQeV%2Bk15dIm4cKSJFRLUA%2FJ6QqUf0yAvuxoejs%2BOLzI4HieYwF5U2yRzq7%2FWnjsY2p0AZ%2BNhw8HmcLNhyYcc6fLZ0f9sSUw9OUGLpzRty6KGiPY%2FNVyzzQAui0w%3D%7Ctkp%3ABlBMUPDEjuGIZw'],Rising
"Absolute Collagen Deep Lift Day Cream SPF30 - Hydrating Face Moisturiser with UVA/UVB Protection - Collagen Boosting Formula, Anti-Ageing, 50ml",Iceland,regional,88.89,1,Amazon,['https://www.amazon.co.uk/sspa/click?ie=UTF8&spc=MTo0NDMzNTAzNDM1ODA2MjUyOjE3NzA3MDIwOTA6c3BfYXRmOjMwMDQ3MjYwMTQyMTQzMjo6MDo6&url=%2FAbsolute-Collagen-Deep-Cream-SPF30%2Fdp%2FB0CHB7X5YF%2Fref%3Dsr_1_2_sspa%3Fdib%3DeyJ2IjoiMSJ9.oJejy4D6BAJHQIjtesxQ9hpUQOCfHNwjwnfdIqFHmx1h0nad6yUG1Tlm_7Efj-pUxZTWeCkVyJKwoDL3ef8h80d1-LCf3isI5OwR0S7A6A_M0b6rqd8qTrZprals3CQ-IE443dRQyCj5RknqJzpRQxOt6As5qwPEuxI2AdBhhV1Go0XMYdLGWbZT5SIhakX1ZjgE7bmHDauLumtgk9GzfEXUjlWFmJguO7ow7PLyLndS60_67-ant9BgUpYo1912ATPS_OZnjVVXZNZMvdP4sNNDPlVwmaEkyW0je0KHqJw.8vGNhhyzAJbETTyuCLMiEV7o7uvtE5LAr7eysH2Y94k%26dib_tag%3Dse%26keywords%3DSkincare%2BProducts%26qid%3D1770702089%26sr%3D8-2-spons%26aref%3DnPXUiV9eJZ%26sp_csd%3Dd2lkZ2V0TmFtZT1zcF9hdGY%26psc%3D1&aref=nPXUiV9eJZ&sp_cr=ZAZ'],Rising
"Face Serum Set – Vitamin C, Retinol & Hyaluronic Acid Day & Night Trio",Iceland,regional,88.89,1,eBay,['https://www.ebay.co.uk/itm/286211308789?_skw=Skincare+Products&epid=13029447630&itmmeta=01KH314DN4MQ07QAS9QZKFYHN6&hash=item42a385fcf5:g:I1sAAOSwrftmTeza&itmprp=enc%3AAQALAAAA0GfYFPkwiKCW4ZNSs2u11xBdPu7tGuw%2FuTnvuIWkH60tsaG8relME%2Fi2tpv8e8fkWueo634D3%2Bixumnqc%2FHfu2hXf94mCMczthyYPbaPjONqKs42H%2Fu5FlYP2cja1ntJWM6Jush69P1wrppzHhvwvXvoD%2BQypWkaQZsvHcOhFHeNmvtl%2F936P9kGcdsIfbopsZxwR3KC1MlhAYmgfn4LuuXV2LffCG%2BRFXLF7KbgdeRWPI8tg894Qn87rXD%2FE%2F5vbWRmsW%2BrbPfor2y7SuZ8GBQ%3D%7Ctkp%3ABlBMUODbkeGIZw'],Rising
TWS Sports Wireless Bluetooth Earphones Headphones Ear Hook Running Bass Earbuds,Iceland,regional,88.89,1,eBay,"['https://www.ebay.co.uk/itm/317427744475?_skw=Wireless+Earbuds&itmmeta=01KH31432BMWJ1QANHH2YCY9NT&hash=item49e82afedb:g:Y8AAAeSw8plo8jVz&itmprp=enc%3AAQALAAAA8GfYFPkwiKCW4ZNSs2u11xAxPBGloagGzE%2FIxym0K9Q180rIiuG8kYnNeIxg8gQBFpyR5b%2BemmiEHbMpGYTh0x64FG35AGOgiOyoJDrUrpoG5h7yzwur3riBP8A8nIkJykJW9GoFohOF58sriy31DhAhFYxGgDPuZ%2BlO%2BwXjv9N4LL%2FO74nA9K3ASNUbykkPDQ24YnZjvNgt%2FqY7fC5MYaG1N6YaA8Y3QG0TjbBvfqFe6PTQEGmp0BRYx6%2FOrHxhfIzrPzKLcAVNcZ6kZsv1LaDP4Da2TBDvPBeh62yFxNbc8unnx3YUO1xfoJuvlnlYJQ%3D%3D%7Ctkp%3ABk9SR8KxkOGIZw', 'https://www.ebay.co.uk/itm/226773369289?_skw=Wireless+Earbuds&itmmeta=01KH31432AQ9ADY0748SJ72339&hash=item34ccbf01c9:g:D90AAOSwyB1oMgdv&itmprp=enc%3AAQALAAAA0GfYFPkwiKCW4ZNSs2u11xCMBAaUvIQ8JsWZnUXD2QGjodZVT2ro3YwqDQrU%2F7Isdf0HSMYp249LCNhNsireC06F8Rg2oAkN42nfO7CJ7Oo%2B6hqyMGAfuZlpXAjDpJdL8uQoSDZg6MPMnSfXENg7keVP5tt3vBgCXLwBEdM%2B6dgd2HP6AmjPCcqE3XL0xG%2FKWkFAU0oHEtNdSaCvdAFEVAeKIUlKbRCRAQJ8oBvCQ83Li%2BbrHoxW%2FsqXGw6WIS8LeoVFqzOc2c14MtQjVJWtaOk%3D%7Ctkp%3ABlBMUMCxkOGIZw', 'https://www.ebay.co.uk/itm/127130144755?_skw=Wireless+Earbuds&itmmeta=01KH31432BJDJV1ZJMQ9WKEP24&hash=item1d998c0ff3:g:WVgAAeSwP8lpXI7v&itmprp=enc%3AAQALAAAA0GfYFPkwiKCW4ZNSs2u11xD0O1MI175EoOSB4Yk%2Bh2dh62J8GysjHC5x4A2U87hNkVRPX9%2Fymi8Zu9dADRnvII5o3NqguX8RpIz6cWjWaMYGZqs%2FO251ae8fCRRHhuVlxPYTTVZbHzE00Bk3QOXEQdtLtyeAf7fRGlwWLOQ45w5KnkRoUyNyVzCLAPMfXfuNfM2xyAWs0edFtO6gR28SKFRSjnyqRKHwboHn9Wqsuk2uZBFlBsDEdcoiYg7lXoM2PHNfeDfENkzL28l7IsQdvME%3D%7Ctkp%3ABk9SR8KxkOGIZw']",Rising
Agate Hardstone - Jewellery Volcanic Rock Slice Spiritual Healing Crystal -,Iceland,regional,88.89,1,eBay,['https://www.ebay.co.uk/itm/175149486263?_skw=Volcanic+Jewelry&itmmeta=01KH313TH586339YAM8X2RMDT8&hash=item28c7b910b7:g:C~sAAeSw-3lpgKup&itmprp=enc%3AAQALAAAA8GfYFPkwiKCW4ZNSs2u11xDLaGmCrJ9TFfFMm%2BLJfbeQqTQYpbkVWB%2B5xcg4SeMOCufOtYFQG0EeCI%2FAw%2FgDBxAefTYTSxYkkAPLOQlQgBprlfnRBHArPOPQBF1yz2pcLmk3ofwAHfM3CD7zXjqWDXH4cUqvUoqSPWaO55AQaupD06e6tSa%2FyJx8PLg0Rj5dxbi3jl%2F2qQsbCZ7zOsooSWxR1aek57WiQ4cPQmt6LOSuynNHRKLrRzoxftnrN9KRSaD4e6mgsyCuVXBAJ5l19%2B7PxjcH8qhVJu3iaNuruNiN2Xa%2FkVtmUz0X1wtQT7Bwng%3D%3D%7Ctkp%3ABFBM9KiP4Yhn'],Rising
"AVEENO Face CALM+RESTORE Nourishing Oat Cleanser (1x 200ml), Non-Foaming Face Care, Gentle Cleanser with Prebiotic Oat and Calming Feverfew, Helps Preserve Skin's Barrier, For Sensitive Skin",Iceland,regional,77.78,1,Amazon,['https://www.amazon.co.uk/sspa/click?ie=UTF8&spc=MTo0NDMzNTAzNDM1ODA2MjUyOjE3NzA3MDIwOTA6c3BfYXRmOjMwMDY2NDU5NjM1OTYzMjo6MDo6&url=%2FAveeno-Restore-Nourishing-Cleanser-200ml%2Fdp%2FB09FTBMDBS%2Fref%3Dsr_1_3_sspa%3Fdib%3DeyJ2IjoiMSJ9.oJejy4D6BAJHQIjtesxQ9hpUQOCfHNwjwnfdIqFHmx1h0nad6yUG1Tlm_7Efj-pUxZTWeCkVyJKwoDL3ef8h80d1-LCf3isI5OwR0S7A6A_M0b6rqd8qTrZprals3CQ-IE443dRQyCj5RknqJzpRQxOt6As5qwPEuxI2AdBhhV1Go0XMYdLGWbZT5SIhakX1ZjgE7bmHDauLumtgk9GzfEXUjlWFmJguO7ow7PLyLndS60_67-ant9BgUpYo1912ATPS_OZnjVVXZNZMvdP4sNNDPlVwmaEkyW0je0KHqJw.8vGNhhyzAJbETTyuCLMiEV7o7uvtE5LAr7eysH2Y94k%26dib_tag%3Dse%26keywords%3DSkincare%2BProducts%26qid%3D1770702089%26sr%3D8-3-spons%26aref%3DIGU0jxSwxe%26sp_csd%3Dd2lkZ2V0TmFtZT1zcF9hdGY%26psc%3D1&aref=IGU0jxSwxe&sp_cr=ZAZ'],Rising
100% sugar free bars of Pure Peruvian Chocolate x 3 or 6 (3 Bars),Iceland,regional,77.78,1,Amazon,['https://www.amazon.co.uk/sspa/click?ie=UTF8&spc=MTo2ODgxNzUxOTM0MjI1MTk5OjE3NzA3MDIwNzU6c3BfYXRmOjMwMDkxOTUxNDMwNTczMjo6MDo6&url=%2F100-sugar-free-Peruvian-Chocolate%2Fdp%2FB0G2CWL3V8%2Fref%3Dsr_1_3_sspa%3Fdib%3DeyJ2IjoiMSJ9.KDkWbTv79Yb0qJRJHX0jdJwo8oKaF1wR_gKhf3ocN_Os1WHdr-7XL5WwDFwJ4LJsOwsm7leU3DKvxLJ8rmjQhWzGxWQOU0VLARQNWShPupasnrUyGlySSRwqB6pVOrrzaXifOujY6XEIoStERCaD3ZFDtgaf_IRyr77wlK03XwZe9er39p6ryCKyUpRa7WIVmDgJCSKPdvUAjPav-dvZkmN9BA1z1QgWAeK5K6HsULQ.DVzdHE1L77JZFEnmZplD9Tjn-LkU1ECa5YeEb6qjnhg%26dib_tag%3Dse%26keywords%3DOmnom%2BChocolate%26qid%3D1770702075%26sr%3D8-3-spons%26aref%3DRUsumeG3gi%26sp_csd%3Dd2lkZ2V0TmFtZT1zcF9hdGY%26psc%3D1&aref=RUsumeG3gi&sp_cr=ZAZ'],Rising
2026 Waterproof Smart Watch Women Smartwatch Bluetooth For iPhone Samsung,Iceland,regional,77.78,1,eBay,['https://www.ebay.co.uk/itm/366112019992?_skw=Smart+Watches&itmmeta=01KH31480SX7V8P2Z4KTG6JN8T&hash=item553dfa1618:g:Wx8AAeSwZ9FpYLu7&itmprp=enc%3AAQALAAAAwGfYFPkwiKCW4ZNSs2u11xCNgSJ0wgg2cgXPhEdphCtj6W9guJbXHpPQVKzykGq9giZg2LBCyAt1%2B%2BeOQfzw3m816OqZgYKqCqJrL8t3DFvnoaPgLjroCmZyllkXdduX0VC%2FYMezUJNrg%2FMgSfSelqZvjsc2Iv6H2EzWjCjP53EI4lKgC6cet9HcZlV6vVpkxiKyWvPoH3NR2QJa8X6eeMTdhYFii6fnaBb0JgiECzmIrb3AqL6egv4Cjf%2BtgkPD4Q%3D%3D%7Ctkp%3ABlBMUPCAkeGIZw'],Rising
"Black Dumbbell Bracelet,Volcanic Lava Elastic Natural Stone Bead Bracelet, Stainless Steel Barbell Jewelry for Fitness Men, Jewelry Gifts for Fitness Yoga Men and Women",Iceland,regional,77.78,1,Amazon,['https://www.amazon.co.uk/sspa/click?ie=UTF8&spc=MTozNjc0MTIwNzU0MzM1MTQzOjE3NzA3MDIwNjk6c3BfYXRmOjMwMDgyODg2MzczOTczMjo6MDo6&url=%2FJYTDBCS-Dumbbell-Bracelet-Volcanic-Stainless%2Fdp%2FB0DCG3XF1Q%2Fref%3Dsr_1_3_sspa%3Fdib%3DeyJ2IjoiMSJ9.z-eQoOtecv7393JGfnadBb_lmoKhHrGM7C8Q6MGr7mNTInX3vdONildemeCl8guiGoMyA2RF7WuShhOHa18htZYNu__4hF1Y7oHTu8eMwz2aSayPosaGHLAoJPcZ04RzBd16csf7UN0oHE-PxvaXfIPW5qbShER6lw9teP8QReTJQCYyPmmx7N-BCaIhoImbeUeQRjzyqrqHPQNT9rFXOP9r9dBFKgX63qV1gNWtUq2Mt28mrrFsyVzMHeP2KAC4nGCk5eDSlcfwQA9CJlF4gXxv92tXN41DsrkEpyMkcds.ZKE-idUT3JU-jXScOAgYQz4U66zxUhbldV2MuHbLI3M%26dib_tag%3Dse%26keywords%3DVolcanic%2BJewelry%26qid%3D1770702069%26sr%3D8-3-spons%26aref%3DyeQF39tTMk%26sp_csd%3Dd2lkZ2V0TmFtZT1zcF9hdGY%26psc%3D1&aref=yeQF39tTMk&sp_cr=ZAZ'],Rising
Face Masks Bundle Various Skincare Products,Iceland,regional,77.78,1,eBay,"['https://www.ebay.co.uk/itm/406681528331?_skw=Skincare+Products&itmmeta=01KH314DN4DM5RGREE1N9W2SGG&hash=item5eb01ba80b:g:Rr4AAeSwi-ZpiIce&itmprp=enc%3AAQALAAAA8GfYFPkwiKCW4ZNSs2u11xBl%2FqhkyITdz7sXMpVmU%2F1Zbk%2BBpOG%2BFpLQ0TwArCJsq0wH7PLMVMmoe%2B2uE6URU%2BHVjXXcCP18dHijxmDtbMF60nUPyIPGBYL5%2Bz%2Fk4ZKtCDnnTqYDPfCdK1oEAz9C%2Fb9OR0ZXe7CDUU4ZL3o9FmchqFdrBVaAtVW8mx46cT9ASq1TKJTUkGPDpl3Z5AcwHURA1TWpuBEiHkG3zaZM5aH1Ht7O4qKQrh6mzyIWDMkzScne9nWZ600sdk3lV3FmWNZAgWiLAPewbnzaF91KReIOyugmV5n65lzd4qbVTnEFhQ%3D%3D%7Ctkp%3ABk9SR-LbkeGIZw', 'https://www.ebay.co.uk/itm/406681532392?_skw=Skincare+Products&itmmeta=01KH314DN5V75X0SBT27SC19N4&hash=item5eb01bb7e8:g:~A8AAeSwO2BpiIf9&itmprp=enc%3AAQALAAAA8GfYFPkwiKCW4ZNSs2u11xDlv%2BbbPtG0gCe3etzHLHIgWZHBh2vQsYPqxUmrTQwFacLNUx1KwNBA8n4O5XiaSnROp6ayvP8mgEXL5tIC8bCCYUWxLFm%2F0j2C4OBU7ihxKOxPh%2F2dY4TLzurggH%2FItl70A75LT8tJ9oE0SXY116DzXj9SZukgkuR9Lf4I3nnjObuAbo%2BaGJqeokly5r4bBCQPfwYC7klC5Zme6ztwVqVYdXnKa5Vq75KBtMup5ndJxRpf86B8ck2ZHVwtEuQXM0Y2qKF87nFGQk65hETtbpWePXsCmUHhZVECOWOuwu6HeA%3D%3D%7Ctkp%3ABk9SR-LbkeGIZw', 'https://www.ebay.co.uk/itm/198086544467?_skw=Skincare+Products&itmmeta=01KH314DN4PPNMRCYP9W11JK32&hash=item2e1ee0cc53:g:kHcAAeSwE51ph1v5&itmprp=enc%3AAQALAAAA8GfYFPkwiKCW4ZNSs2u11xBoFkEggfVXQVHF7xQrjDMSfT%2BerUQwAzGhVa17CDwA01h9pMBVb9Bxcruu2U21vCIzk537qwrLaDElM8I1czrxQK5Z0XdGT%2B5sPvy0omNp2EVTHOerscWwVXHoEoTI2jwxAZfLPV5HrbhO5hx3NBCosWFHsd%2FDz6Mn5EDkv6haYVkD%2F4uuLxj75NsnY6zSDxQwKIpUg4uEG5r5tLH2Tl5QL2navBBi%2F4%2FMg9Ceg%2BOB8IDYI7Ej5be4jPzG5V4%2Bm31N0vpCZAw7BcPtcrTE0H013a6h%2BfnHJntEzx6tu8uC%2Fg%3D%3D%7Ctkp%3ABk9SR-LbkeGIZw']",Rising
INTENSIVE Whitening Fresh Glowing pack Skincare Apatheia Glowing Pack Japan 500g,Iceland,regional,77.78,1,eBay,['https://www.ebay.co.uk/itm/375813081801?_skw=Skincare+Products&itmmeta=01KH314DN48G6HH0T7N87EW1B0&hash=item5780348ac9:g:WJ0AAOSwugRnQiue&itmprp=enc%3AAQALAAAA0GfYFPkwiKCW4ZNSs2u11xCkOREfVArGN3jjT2zax28dD1XaeYve3iooDgaRkDp4Ff1Er7noyD6YYYDR6%2BJhhzbsDDrbNrBqH5xwVkjtsLtzT1wxI0BptwsYdzHJXi3YniibvzfsVG9qsRIGgMrPT5d8CIVERhpFhmIRvWOx2SRPzHie%2BEf2VBOwpeOznqMX%2F46vcuXadBsS81m8CUHRAWtWCGKUPRHvrMitYFL7c4nW8Woiv5MWgJdKlCurc%2BTlyc5T1tQbTpG42pTGhfCNWFk%3D%7Ctkp%3ABlBMUOLbkeGIZw'],Rising
Wet N Wild OM NOM NOM Sesame Street 3 Piece Multistick Set Cookie Monster NEW,Iceland,regional,77.78,1,eBay,['https://www.ebay.co.uk/itm/127621217668?_skw=Omnom+Chocolate&itmmeta=01KH313YKVWWME0XCFRA4X2S0J&hash=item1db6d13d84:g:1H8AAOSwBI9kNtAq&itmprp=enc%3AAQALAAAA8GfYFPkwiKCW4ZNSs2u11xC3c1puLTzgcQBj2KPm19yA1G6ObUpCoru9mgiGQPnnxyCDgzgnrgg7xnW3%2BaTlz7YrjRmaxHYPCCM8AZ%2FzAo1m%2BypVIJSMP4UZoAiyBIThZDnd4NyObndJjLPTs8VPU1SUULX9epwKKseIL67yIxmF%2FcQVwugBBcM2SsGxEvmGy76BzqiG5V%2F4RXCRVn7k4iNq6YH0S5a3EFQgwMLQp%2FAM52l%2B2sPDKerqySrqi5Kl27zAsOW7F445mvBiacvNyqKqTNIPKdGGx1Ls8nMOo0Zlw0l4qTrpUNf2cvc%2Bd%2B1ycw%3D%3D%7Ctkp%3ABFBMhOqP4Yhn'],Rising
"e.l.f. SKIN Hydrated Ever After Skincare Mini Kit, Cleanser, Makeup Remover, Moisturiser & Eye Cream For Hydrating Skin, Airplane-Friendly Sizes",Iceland,regional,66.67,1,Amazon,['https://www.amazon.co.uk/l-f-SKIN-Hydrated-Moisturizer-Hydrating-TSA-friendly/dp/B08T7DSZYD/ref=sr_1_4?dib=eyJ2IjoiMSJ9.oJejy4D6BAJHQIjtesxQ9hpUQOCfHNwjwnfdIqFHmx1h0nad6yUG1Tlm_7Efj-pUxZTWeCkVyJKwoDL3ef8h80d1-LCf3isI5OwR0S7A6A_M0b6rqd8qTrZprals3CQ-IE443dRQyCj5RknqJzpRQxOt6As5qwPEuxI2AdBhhV1Go0XMYdLGWbZT5SIhakX1ZjgE7bmHDauLumtgk9GzfEXUjlWFmJguO7ow7PLyLndS60_67-ant9BgUpYo1912ATPS_OZnjVVXZNZMvdP4sNNDPlVwmaEkyW0je0KHqJw.8vGNhhyzAJbETTyuCLMiEV7o7uvtE5LAr7eysH2Y94k&dib_tag=se&keywords=Skincare+Products&qid=1770702089&sr=8-4'],Emerging
UK Stock: Wholesale 100% Pure Moroccan Cold Pressed Organic Argan Oil,Iceland,regional,66.67,1,eBay,['https://www.ebay.co.uk/itm/371611562889?_skw=Skincare+Products&itmmeta=01KH314DN4C7Q2PX60CRAWSX0S&hash=item5685c67389:g:pegAAOSwPgNmQ1Ob&itmprp=enc%3AAQALAAAA0GfYFPkwiKCW4ZNSs2u11xD0cvJDXb6eTxuuiEj4DNqrucJWvWBuWo%2BufzRnzwRE21VucGzdZ%2B6j52ZnW94fXOaYCIrAuCHS3jS%2BozDoigZkF8m7VgDHlZpzXYXkrjk0rbJT89GOqZP6ZeejulOVquTbss44D3kL5zBP3t%2FF3702dt9LPDfADgHTCE3Ax8V13sDo%2FTOU%2Bcmu%2B4lcjd93jp1nUxPAJpmqQjWeVTBSQ9Z1%2BqiuHaRaoduPN0qvLQjtISqBZVnbmlyd8%2BaWKijkXP4%3D%7Ctkp%3ABlBMUOLbkeGIZw'],Emerging
OMBAR Organic Coco Mylk 35g (PACK OF 10),Iceland,regional,66.67,1,Amazon,['https://www.amazon.co.uk/OMBAR-Organic-Coco-Mylk-PACK/dp/B00DS6QHCI/ref=sr_1_4?dib=eyJ2IjoiMSJ9.KDkWbTv79Yb0qJRJHX0jdJwo8oKaF1wR_gKhf3ocN_Os1WHdr-7XL5WwDFwJ4LJsOwsm7leU3DKvxLJ8rmjQhWzGxWQOU0VLARQNWShPupasnrUyGlySSRwqB6pVOrrzaXifOujY6XEIoStERCaD3ZFDtgaf_IRyr77wlK03XwZe9er39p6ryCKyUpRa7WIVmDgJCSKPdvUAjPav-dvZkmN9BA1z1QgWAeK5K6HsULQ.DVzdHE1L77JZFEnmZplD9Tjn-LkU1ECa5YeEb6qjnhg&dib_tag=se&keywords=Omnom+Chocolate&qid=1770702075&sr=8-4'],Emerging
"Smart Watch for Women Men Android & iPhone [2 Bands, 44mm case], Alexa Built-in, 1.83"" Smartwatch Make/Answer Call, HR SpO2 Sleep Stress Monitor Fitness Tracker, IP68 Waterproof Step Counter Watch",Iceland,regional,66.67,1,Amazon,['https://www.amazon.co.uk/Android-Smartwatch-Monitor-Fitness-Waterproof-Beige/dp/B0FL7N1GQ5/ref=sr_1_4?dib=eyJ2IjoiMSJ9.NPSokQD9VMXbNVaSLfI9hR9GZovUdmjuJZzHeJo91hrjXRFhUUn5XvDPvQBeEGRZH8C0RmoSIwiEqkjIMzJiAOrfZrdqudJWvwOqsYEaatxu5uw8U6sMwHlYDUMb-o03li-FXvkfEzLVXAEAhGMM7nuWM7XIlEfD9TdlDrPnf17iu2ClMPqVKlPCCl6aBXOV5hexFMMr6UETyr5gAQLzQvW7CNb4JJqPuGn-eQct6x4.Qvk948GZIGS-32ioOcI7e7be6x4iE49tu-4-4V-3dR8&dib_tag=se&keywords=Smart+Watches&qid=1770702084&sr=8-4'],Emerging
"Smart Watch for Men/Women,1.27"" HD 43mm Fitness Watch Answer/Make Call, Heart Rate/Sleep/SpO2, Round Smart Watch for iPhone/Samsung/Android,IP68 Waterproof, 110+ Sport Mode-Black(2 Bands)",Iceland,regional,55.56,1,Amazon,['https://www.amazon.co.uk/Fitness-Samsung-Android-Waterproof-Mode-Black-Black/dp/B0G7BYR7JQ/ref=sr_1_5?dib=eyJ2IjoiMSJ9.NPSokQD9VMXbNVaSLfI9hR9GZovUdmjuJZzHeJo91hrjXRFhUUn5XvDPvQBeEGRZH8C0RmoSIwiEqkjIMzJiAOrfZrdqudJWvwOqsYEaatxu5uw8U6sMwHlYDUMb-o03li-FXvkfEzLVXAEAhGMM7nuWM7XIlEfD9TdlDrPnf17iu2ClMPqVKlPCCl6aBXOV5hexFMMr6UETyr5gAQLzQvW7CNb4JJqPuGn-eQct6x4.Qvk948GZIGS-32ioOcI7e7be6x4iE49tu-4-4V-3dR8&dib_tag=se&keywords=Smart+Watches&qid=1770702084&sr=8-5'],Emerging
Cookie Monster Toddler Costume Sesame Street Spirit Halloween Size 3T-4T New,Iceland,regional,55.56,1,eBay,['https://www.ebay.co.uk/itm/127630214544?_skw=Omnom+Chocolate&itmmeta=01KH313YKT66KNFMP0CQ1ST8VJ&hash=item1db75a8590:g:qrgAAeSwfsZpbDgd&itmprp=enc%3AAQALAAAA8GfYFPkwiKCW4ZNSs2u11xByn639B7TJ70e%2FxtMTzEj0tLRkcCapMOfmZecrObdIfWv7j4Tqwc%2FTDGBDPRpeW38WQ7cAaGjFxihSalZ%2Fd0lAKLITYwOtWzBRwU1CwtnXATitAIUnonkYY8D%2Fyf7E79oXAt2M8iMP9L3%2FdFJISRWNphrUyghQR5DbvVkqjOdf0FgWFI2vCFI73lwXmeyZ%2FtN5TNNB9%2FgGnS2XGLITvG9HlZnYmAQK5iDhdOnR5OYeRkDbvActKNX3r8IfNvqqvciPm1hCOKP7C%2Fy8LZdYNAMtVGbBo88ZoBp1ZtpBMlVB%2FQ%3D%3D%7Ctkp%3ABFBMhOqP4Yhn'],Emerging
"Apple AirPods 4 Wireless Earbuds, Bluetooth Headphones, Personalised Spatial Audio, Sweat and Water Resistant, USB-C Charging Case, H2 Chip, Up to 24 Hours of Battery Life, Effortless Setup for iPhone",Iceland,regional,55.56,1,Amazon,['https://www.amazon.co.uk/Apple-Bluetooth-Headphones-Personalised-Effortless/dp/B0DGHWD7CT/ref=sr_1_5?dib=eyJ2IjoiMSJ9.wPVSA3PKxnYXl7ztA1_XZrpBMCG8r9sSvlEExsVPc6a0k9S6Nuu9psKt7lqSC-e-2CBkTSN6lCSeR8UOdfccpj3lKKVD8nC9pZhvoTkmIOeR2aFJ7e-xavzDu6RGfIEgw5nQB0Qefl-LS-W5zemFMEJInU6pY1o56ag43Z-aSYCCGUBuJWI21z0S4b2uLs1TeWP9W5mn3s4xf1QpC3aOpxadBGZc0dDp-EjA3DxuQiA.xJ_ZDTwORK5FJP8-K_8OcxaSuBWcJRRZdxHSnr6HZFw&dib_tag=se&keywords=Wireless+Earbuds&qid=1770702079&sr=8-5'],Emerging
Patagonia ' Better Sweater Isle Skye ' Icelandic Grey Hoody Jacket Size M,Iceland,regional,55.56,1,eBay,['https://www.ebay.co.uk/itm/376872385117?_skw=Icelandic+Hoodies&itmmeta=01KH313M989H0K50KH078PHJKD&hash=item57bf583a5d:g:uKsAAeSw6o1pa1aB&itmprp=enc%3AAQALAAAA8GfYFPkwiKCW4ZNSs2u11xDcEciu2oyiRbsXHBapy242VdLy4kbKx8O4VKPbE4GsijlqSzTJYhV2g874Ha1Objqur83vzSEx5rnjixObnODofDrO%2FDRumzlYGTqDN%2BSM3VnS0jFsH%2Bww2Es2wVQ3LH4nGoPiUvOrLv9tTWcgNeJOPiLYpzm1BeEU6wKzPoYcMhle%2FZXH21O1MRDnMK3jJf%2BasceZtiu8J8ic4Igdga8NJxaZH%2F65Shyyn%2BHAyNpA7i0u1TazofgAIBhjMK2uUlu4AcYTOq4LXVC13OtPQ3j%2BDHCCsvz5XWa%2F0NlSmU0dFQ%3D%3D%7Ctkp%3ABk9SR_DEjuGIZw'],Emerging
Skincare Bundle 13 Products Worth £75,Iceland,regional,55.56,1,eBay,['https://www.ebay.co.uk/itm/358198608309?_skw=Skincare+Products&itmmeta=01KH314DN4AHV9STATXY0KX76X&hash=item53664d01b5:g:OCUAAeSwyZNph5J-&itmprp=enc%3AAQALAAAA8GfYFPkwiKCW4ZNSs2u11xClJ%2BJDBN2KhDYsyQv9kQkxvLoacbrg5CH%2BLexueGiB5zWM%2FBABmn1xMUmH56VXFfUG8BrpObhCwR5JFuFS7SokDknM5nyUTaqi2yjv%2FlpM1DYz6nTcFtAkqlMChebyg2HXHHUc30FzkpprH5EdD3NSFL5aY4A3KaQ2aXX92c6AGrde2hmKjnJizXpDha1XuXxkgLDeNm3Lluw%2F0wS%2B8%2FFdttVaTM0VKM6%2FAoUXbBY4WOd%2BcRjCdLZ%2FWYCyhn5lIshPxtmWofcFtuGewr%2FJJVTV4XuvexQke7psvNjtLU3nMw%3D%3D%7Ctkp%3ABk9SR-LbkeGIZw'],Emerging
Obsidian & Lava Stone Designs Men’s Necklace Bold Black Volcanic Rock Accessories Masculine Beaded Jewelry Collection Gift for Men Women,Iceland,regional,55.56,1,Amazon,['https://www.amazon.co.uk/COLORFUL-BLING-Accessories-Masculine-Collection/dp/B0FF9S9TP1/ref=sr_1_5?dib=eyJ2IjoiMSJ9.z-eQoOtecv7393JGfnadBb_lmoKhHrGM7C8Q6MGr7mNTInX3vdONildemeCl8guiGoMyA2RF7WuShhOHa18htZYNu__4hF1Y7oHTu8eMwz2aSayPosaGHLAoJPcZ04RzBd16csf7UN0oHE-PxvaXfIPW5qbShER6lw9teP8QReTJQCYyPmmx7N-BCaIhoImbeUeQRjzyqrqHPQNT9rFXOP9r9dBFKgX63qV1gNWtUq2Mt28mrrFsyVzMHeP2KAC4nGCk5eDSlcfwQA9CJlF4gXxv92tXN41DsrkEpyMkcds.ZKE-idUT3JU-jXScOAgYQz4U66zxUhbldV2MuHbLI3M&dib_tag=se&keywords=Volcanic+Jewelry&qid=1770702069&sr=8-5'],Emerging
"Men's Volcanic Stone Bracelet with Square Black Agate, Fashionable Jewelry - UK",Iceland,regional,55.56,1,eBay,['https://www.ebay.co.uk/itm/227181967629?_skw=Volcanic+Jewelry&itmmeta=01KH313TH54FFFWY561HMRT27B&hash=item34e519b90d:g:ZwUAAeSwpMBpb4TA&itmprp=enc%3AAQALAAAA0GfYFPkwiKCW4ZNSs2u11xDP5Hd8UJd4reIhtIeuOc3G%2BW6Kul7GqhX90uFNYGV9Y7opsZep%2B4W5dYnRn3jQFe6c0ERg6YpBNuopL72EFXo2Uk6whOti4wwWoFkYEI7wE9bURr0c5wSN%2BaGm07zbiRJbBR4blFVfBIhvnqFP59Uq161%2BUOtEpJKpxphpceY0OaCaelGZ0rvJlYZm9e5CA6I4CkF0RiX5sd5wOVH2n%2BC9HxXaJdY2fsaAeUzc%2BILr7aTb9JmIHNrjxKnRlW6pXTs%3D%7Ctkp%3ABk9SR_Soj-GIZw'],Emerging
"Cocoa Dusted Chocolate Truffles Cat Tin (Violet Rebel - 135g) Choccy Scoffy Flavoured Luxury Chocolatey Truffles - Collectable Cat Tin, Truffles Chocolate Gift Box With Bespoke Design",Iceland,regional,55.56,1,Amazon,['https://www.amazon.co.uk/Monty-Bojangles-Violet-Rebel-135g/dp/B0DBR7YDG7/ref=sr_1_5?dib=eyJ2IjoiMSJ9.KDkWbTv79Yb0qJRJHX0jdJwo8oKaF1wR_gKhf3ocN_Os1WHdr-7XL5WwDFwJ4LJsOwsm7leU3DKvxLJ8rmjQhWzGxWQOU0VLARQNWShPupasnrUyGlySSRwqB6pVOrrzaXifOujY6XEIoStERCaD3ZFDtgaf_IRyr77wlK03XwZe9er39p6ryCKyUpRa7WIVmDgJCSKPdvUAjPav-dvZkmN9BA1z1QgWAeK5K6HsULQ.DVzdHE1L77JZFEnmZplD9Tjn-LkU1ECa5YeEb6qjnhg&dib_tag=se&keywords=Omnom+Chocolate&qid=1770702075&sr=8-5'],Emerging
"LAIKOU Skincare Set, Milk Beauty Gift Sets for Teenage Girls with Cleanser, Day Cream, Night Cream, Eye Cream, Sunscreen, Facial Kits for Women Wife Mom, Deep Hydrating Smoothing 5pcs",Iceland,regional,55.56,1,Amazon,['https://www.amazon.co.uk/LAIKOU-Skincare-Sunscreen-Hydrating-Smoothing/dp/B0CPLVDDJ9/ref=sr_1_5?dib=eyJ2IjoiMSJ9.oJejy4D6BAJHQIjtesxQ9hpUQOCfHNwjwnfdIqFHmx1h0nad6yUG1Tlm_7Efj-pUxZTWeCkVyJKwoDL3ef8h80d1-LCf3isI5OwR0S7A6A_M0b6rqd8qTrZprals3CQ-IE443dRQyCj5RknqJzpRQxOt6As5qwPEuxI2AdBhhV1Go0XMYdLGWbZT5SIhakX1ZjgE7bmHDauLumtgk9GzfEXUjlWFmJguO7ow7PLyLndS60_67-ant9BgUpYo1912ATPS_OZnjVVXZNZMvdP4sNNDPlVwmaEkyW0je0KHqJw.8vGNhhyzAJbETTyuCLMiEV7o7uvtE5LAr7eysH2Y94k&dib_tag=se&keywords=Skincare+Products&qid=1770702089&sr=8-5'],Emerging
Icewear Poncho 100% Wool Chunky Cape Heavy Handmade Pure Icelandic Nordic Knit,Iceland,regional,44.44,1,eBay,['https://www.ebay.co.uk/itm/177471028628?_skw=Icelandic+Hoodies&itmmeta=01KH313M99YJYPPV61MKH2ETYB&hash=item295218fd94:g:CJUAAeSwRLto5RSh&itmprp=enc%3AAQALAAAA0GfYFPkwiKCW4ZNSs2u11xBWI9MBv8ucKeYU62TNJFaIbwdzV%2BU1f1wOK%2BjnKBM8%2BAPKtjGtOdMt10t4bATsHpx8GkLIEwHXilRI457YNpfwmupFlUCDAUDtaudA9aoB%2BwPm%2FR61Ob5115HF3%2BClS%2F4xbn25u3M8Ykka%2B5I564SgKkh9Ai0r3%2FUsNZzjsK5b4ciKVsA7cvMXmQaUEMj4M48jLPbuDnc0WpuGJ3kciNH%2Bcs78Y1oTE2l5cB3Xz7xibcG%2BSioNnhMNF3iC%2FzWFKC4%3D%7Ctkp%3ABk9SR_DEjuGIZw'],Emerging
Obsidian Pendant Necklace Copper Wrapped Coil Volcanic Glass Gemstone Jewellery,Iceland,regional,44.44,1,eBay,['https://www.ebay.co.uk/itm/325685194385?_skw=Volcanic+Jewelry&itmmeta=01KH313TH5M4BXB40GF5NPSQE5&hash=item4bd459ae91:g:x3oAAeSwvq1oOpTg&itmprp=enc%3AAQALAAAA0GfYFPkwiKCW4ZNSs2u11xA5BQvip4fQ%2F4K1lgKrYwepsfcf6V%2FSxcITIII4AI8D0Dp8M1%2Fx2gF7rBpR%2FpYqHlldgUsXbcPEF3E%2BjXvOnf3I65ZYAIQOqFhHlYTLUbwKtP92czwqZTiiklXBx0TEUMQ3COiRXGthI81WViOT5whzydOrSNv5WElq8gAH2aimF%2FYz9SH5EErmp7AcKxZNgHoxhOFrXWpZBePeVStZkqIbHdtoLfJEq3shPrAZ5G0TzErfkAsltL4CMB8T38rSHgc%3D%7Ctkp%3ABk9SR_Soj-GIZw'],Emerging
JLab Go Pop+ Plus True Wireless Bluetooth In Ear Earbuds - Navy,Iceland,regional,44.44,1,eBay,['https://www.ebay.co.uk/itm/127425609172?_skw=Wireless+Earbuds&itmmeta=01KH31432AMPPJYVEXS17F5SH3&hash=item1dab287dd4:g:IEoAAeSwl31o6lG-&itmprp=enc%3AAQALAAAA0GfYFPkwiKCW4ZNSs2u11xCQNy2M3mgS4QSqFeCpW0bEqY3atLHMNNRBl9QsS4yWqfcLVM0TSeAZyj4%2FePOLqCE%2Fu7vh4wx7C869j9r2%2FREPypL2IQ8bmCJNlpIVNJY8Yjj0yyviVIFdieNVGWpfcIyDsLu7X3esysNc%2BdwOO4trUpNRUdNh%2FV4C7OrM3O5FFOHOlZYptvaD%2FNgTxs41DpF7qwfiRGGCzBDZM2Q2lla7G1qlzHPq%2FTSvkcGj4df2tLPdyEsjy%2FckMCC00qspnS8%3D%7Ctkp%3ABk9SR8KxkOGIZw'],Emerging
"Garnier Micellar Cleansing Water 700ml, Gentle face cleanser & Make up Remover, Suitable For All Skin Types Including Sensitive Skin, Soothing Formula, Dermatologically Tested",Iceland,regional,44.44,1,Amazon,['https://www.amazon.co.uk/Garnier-Micellar-Water-Sensitive-700ml/dp/B01M6UUOY2/ref=sr_1_6?dib=eyJ2IjoiMSJ9.oJejy4D6BAJHQIjtesxQ9hpUQOCfHNwjwnfdIqFHmx1h0nad6yUG1Tlm_7Efj-pUxZTWeCkVyJKwoDL3ef8h80d1-LCf3isI5OwR0S7A6A_M0b6rqd8qTrZprals3CQ-IE443dRQyCj5RknqJzpRQxOt6As5qwPEuxI2AdBhhV1Go0XMYdLGWbZT5SIhakX1ZjgE7bmHDauLumtgk9GzfEXUjlWFmJguO7ow7PLyLndS60_67-ant9BgUpYo1912ATPS_OZnjVVXZNZMvdP4sNNDPlVwmaEkyW0je0KHqJw.8vGNhhyzAJbETTyuCLMiEV7o7uvtE5LAr7eysH2Y94k&dib_tag=se&keywords=Skincare+Products&qid=1770702089&rdc=1&sr=8-6'],Emerging
"Urbanista Palermo ANC Active Noise Cancelling Earbuds, True Wireless In Ear Headphones, Bluetooth Earphones 6.0, 32hr Playtime, Bluetooth Multipoint with Touch Controls, IPX4 Water Resistant - Black",Iceland,regional,44.44,1,Amazon,['https://www.amazon.co.uk/Urbanista-Cancelling-Headphones-Bluetooth-Multipoint-Black/dp/B0FWRWDXKB/ref=sr_1_6?dib=eyJ2IjoiMSJ9.wPVSA3PKxnYXl7ztA1_XZrpBMCG8r9sSvlEExsVPc6a0k9S6Nuu9psKt7lqSC-e-2CBkTSN6lCSeR8UOdfccpj3lKKVD8nC9pZhvoTkmIOeR2aFJ7e-xavzDu6RGfIEgw5nQB0Qefl-LS-W5zemFMEJInU6pY1o56ag43Z-aSYCCGUBuJWI21z0S4b2uLs1TeWP9W5mn3s4xf1QpC3aOpxadBGZc0dDp-EjA3DxuQiA.xJ_ZDTwORK5FJP8-K_8OcxaSuBWcJRRZdxHSnr6HZFw&dib_tag=se&keywords=Wireless+Earbuds&qid=1770702079&sr=8-6'],Emerging
"Volcanic Rocks Pendant Necklace Anti-EMF Radiation Protection Pendant Scales Biological Science Negative Ions, Volcanic Rocks, Volcanic Rocks",Iceland,regional,44.44,1,Amazon,['https://www.amazon.co.uk/Junterone-Volcanic-Radiation-Protection-Biological/dp/B0D76F8PZF/ref=sr_1_6?dib=eyJ2IjoiMSJ9.z-eQoOtecv7393JGfnadBb_lmoKhHrGM7C8Q6MGr7mNTInX3vdONildemeCl8guiGoMyA2RF7WuShhOHa18htZYNu__4hF1Y7oHTu8eMwz2aSayPosaGHLAoJPcZ04RzBd16csf7UN0oHE-PxvaXfIPW5qbShER6lw9teP8QReTJQCYyPmmx7N-BCaIhoImbeUeQRjzyqrqHPQNT9rFXOP9r9dBFKgX63qV1gNWtUq2Mt28mrrFsyVzMHeP2KAC4nGCk5eDSlcfwQA9CJlF4gXxv92tXN41DsrkEpyMkcds.ZKE-idUT3JU-jXScOAgYQz4U66zxUhbldV2MuHbLI3M&dib_tag=se&keywords=Volcanic+Jewelry&qid=1770702069&sr=8-6'],Emerging
'Love Iceland' Adult Hoodie / Hooded Sweater (HO056710),Iceland,regional,33.33,1,eBay,"['https://www.ebay.co.uk/itm/257293859566?_skw=Icelandic+Hoodies&itmmeta=01KH313M99QGA1SG214KZRR634&hash=item3be7e8baee:g:p-kAAeSwiLNpW1qu&itmprp=enc%3AAQALAAAA0GfYFPkwiKCW4ZNSs2u11xAOsmHEpcavyMbSkMugpoLTq97MvoVlJB07wY%2FkTq%2F%2BH%2BQPxXzAA2UVkiO5mhDjEGmcTGbI7DRiYFYzkpw0Ko5SCSKxXPVeDsKPD9CmxfQ28iIlNzZ7CcbeJ%2F4SpcXy6DVSA8PKofOvGzCvs8SiqB8iR9NLc6t%2FfCrX4K5mUM6CqRwaQPLmZ42raJ5Y%2Fao%2FY2PRfPg%2BFib0f4yAfDy6wKciByFLBGUX4AoBwirxJ1Gw0eyhbCT5F5WdEzPaMNCuPYg%3D%7Ctkp%3ABk9SR_DEjuGIZw', 'https://www.ebay.co.uk/itm/257293859586?_skw=Icelandic+Hoodies&itmmeta=01KH313M992E7JG6RY7V4HBHF5&hash=item3be7e8bb02:g:CT8AAeSwhuhpW1tF&itmprp=enc%3AAQALAAAA8GfYFPkwiKCW4ZNSs2u11xB%2BcPpkvHpC0D9ArkppSbQl6OlP%2FwrbYH5PXaQLGP42JV7nC2kHNe6TGxi8Lkfp60%2FllqxRKRDiyDOzQZlVnK7PdKBhkV%2Fa6cZXczqTSYDeIKou%2FWrQa8WgMXh1P73DqVRBcTVD5CfZW%2Bdy%2FKtmzEA1wUg%2BdowmvNqHNDqi2rD%2FR%2BzROYnrzAORF%2FkJkGiGfspcuUjYP4a9L5Fh7Mg%2FEVsI5gAxKN%2BaR9rV1KfG14ReWnc%2BJdhHTTAGprrReILQ5lJIQmR7FHoIH%2FJFhtAAGGsmhwVL6csrUH9aZDU%2F0AUm0g%3D%3D%7Ctkp%3ABk9SR_LEjuGIZw']",Watch
"Choccy Balls Case Pack of 12 Giftpacks - Truffle-Style Chocolate Balls with Silky Smooth Centre, Individually Wrapped. No Palm Oil.",Iceland,regional,33.33,1,Amazon,['https://www.amazon.co.uk/Mummy-Meegz-Choccy-Balls-Giftpacks/dp/B0G3Y17RFH/ref=sr_1_7?dib=eyJ2IjoiMSJ9.KDkWbTv79Yb0qJRJHX0jdJwo8oKaF1wR_gKhf3ocN_Os1WHdr-7XL5WwDFwJ4LJsOwsm7leU3DKvxLJ8rmjQhWzGxWQOU0VLARQNWShPupasnrUyGlySSRwqB6pVOrrzaXifOujY6XEIoStERCaD3ZFDtgaf_IRyr77wlK03XwZe9er39p6ryCKyUpRa7WIVmDgJCSKPdvUAjPav-dvZkmN9BA1z1QgWAeK5K6HsULQ.DVzdHE1L77JZFEnmZplD9Tjn-LkU1ECa5YeEb6qjnhg&dib_tag=se&keywords=Omnom+Chocolate&qid=1770702075&sr=8-7'],Watch
"Crystal Healing Bracelets for Women,8mm Natural Stone Reiki Gemstone Beaded Bracelet Womens Mens Jewellery Gifts Birthday Christmas",Iceland,regional,33.33,1,Amazon,['https://www.amazon.co.uk/Jovivi-Diffuser-Bracelet-Essential-Jewellery/dp/B073H3GC2Q/ref=sr_1_7?dib=eyJ2IjoiMSJ9.z-eQoOtecv7393JGfnadBb_lmoKhHrGM7C8Q6MGr7mNTInX3vdONildemeCl8guiGoMyA2RF7WuShhOHa18htZYNu__4hF1Y7oHTu8eMwz2aSayPosaGHLAoJPcZ04RzBd16csf7UN0oHE-PxvaXfIPW5qbShER6lw9teP8QReTJQCYyPmmx7N-BCaIhoImbeUeQRjzyqrqHPQNT9rFXOP9r9dBFKgX63qV1gNWtUq2Mt28mrrFsyVzMHeP2KAC4nGCk5eDSlcfwQA9CJlF4gXxv92tXN41DsrkEpyMkcds.ZKE-idUT3JU-jXScOAgYQz4U66zxUhbldV2MuHbLI3M&dib_tag=se&keywords=Volcanic+Jewelry&qid=1770702069&sr=8-7'],Watch
Men’s Lava Stone Bracelet – Natural Volcanic Rock & Wood Beads Buddha Jewellery,Iceland,regional,33.33,1,eBay,['https://www.ebay.co.uk/itm/286909522943?_skw=Volcanic+Jewelry&itmmeta=01KH313TH5HXJF8YPWSZBERP0J&hash=item42cd23e3ff:g:nkwAAeSwNsppBPeK&itmprp=enc%3AAQALAAAA8GfYFPkwiKCW4ZNSs2u11xCWDJbn6jnvpjQ4u%2Fo6tVrUozy0BNUI0Wrvz%2FIdDYcb21cWhyuPpSGLHiu5y9I5BcTNRpK2IAeTWPZpCo%2ByQEx7CsvMTARU2tyYTijIWB7HBWU9%2Bp4CV7cxkQMhkN7pFMfMJQ2ZWcJvMxspLvnT7whoNH9iQT55Rtm6RYaCB8K93eYTJLOuNTzjo%2B8OSy3rNguPH3lfz8qIAHNwX41zD1zAM9r72HEpCCczDUccrv3GZb46WbVXpFaqSvHvjE9XoF3ycSMJDd0fNSfWOMK4ZfFq02aClwxTfHJ8QPo%2BtcGLkg%3D%3D%7Ctkp%3ABk9SR_aoj-GIZw'],Watch
"LAIKOU Sakura Skincare Set for Teen Girls, Complete 34PCS Face Care Kit, Christmas Pamper Gift Set for Women & Teenage Girls, Hydrating & Nourishing Travel-Friendly Daily Facial Skincare Routine",Iceland,regional,33.33,1,Amazon,['https://www.amazon.co.uk/LAIKOU-Christmas-Hydrating-Nourishing-Travel-Friendly/dp/B0DJ2KJBCL/ref=sr_1_7?dib=eyJ2IjoiMSJ9.oJejy4D6BAJHQIjtesxQ9hpUQOCfHNwjwnfdIqFHmx1h0nad6yUG1Tlm_7Efj-pUxZTWeCkVyJKwoDL3ef8h80d1-LCf3isI5OwR0S7A6A_M0b6rqd8qTrZprals3CQ-IE443dRQyCj5RknqJzpRQxOt6As5qwPEuxI2AdBhhV1Go0XMYdLGWbZT5SIhakX1ZjgE7bmHDauLumtgk9GzfEXUjlWFmJguO7ow7PLyLndS60_67-ant9BgUpYo1912ATPS_OZnjVVXZNZMvdP4sNNDPlVwmaEkyW0je0KHqJw.8vGNhhyzAJbETTyuCLMiEV7o7uvtE5LAr7eysH2Y94k&dib_tag=se&keywords=Skincare+Products&qid=1770702089&sr=8-7'],Watch
"Omnom Bath Bomb Mould Soap Mould Wax Mould, Resin",Iceland,regional,33.33,1,eBay,['https://www.ebay.co.uk/itm/195461489562?_skw=Omnom+Chocolate&itmmeta=01KH313YKT8GSFEC4VWZGQ5W1E&hash=item2d8269a39a:g:Nf8AAOSwOhFja56g&itmprp=enc%3AAQALAAAA0GfYFPkwiKCW4ZNSs2u11xAOyk3ejH%2FeMwnQNX3aXIHQAGSrdah14NIkyONHXc44RP2tlofxn4twV3Z8rdUPd3i2zGBiC57HKNDuAwNXY5V%2Fe2mUf9itg%2F4tXDBv10uGoVd8sWAOgP48HyuXJchEYLGyVBjQ1i6PRMwgGXNe7XYuWleROcgVMaEs7aAExYSlYQk0q3EOE%2BPl3i%2FraOwWLj%2B6auQd47C%2Fu1c8rnjfBdKXGI8XcecO8UFiliEld8ppSgxYTZo8QHJMwRoSrT%2FsD2Y%3D%7Ctkp%3ABk9SR4Tqj-GIZw'],Watch
Its an Icelandic Thing You Wouldn't Understand Men and Women Pullover Hoodie,Iceland,regional,33.33,1,Amazon,['https://www.amazon.co.uk/Icelandic-Wouldnt-Understand-Pullover-Hoodie/dp/B0G46628S1/ref=sr_1_7?dib=eyJ2IjoiMSJ9.cD9e_rphmagbwEdXVwpjZppsGvT3xxqY0a0uj4tCAc28dpikEZ2LSWjI69pN0TmOUzCX0TNFIy13lhYiiabkwAWV9Ndd4pejz5nMuVxwutI3igBPS_oJJXmcrB2OONLakzICjYngVkEIiemRd33Svl_6JORN4js3jlQRG6nAt4Dse-M8CtKTIuCdRr8jERP9bCpZAOBB0Vb9LAUFwFvBF28FjMA2VG5g4WJr-KC1cNfLH07-uZe0GbuTswpcDbBAVaEsJsxENfldwtdNKX72FYmNEt7xYCm0_jBLbMXKRt0.tRgY07eU66VzYJ-_fCiKHOe26RT4O7zqKUZ0X7aRM8c&dib_tag=se&keywords=Icelandic+Hoodies&qid=1770702061&sr=8-7'],Watch
"soundcore by Anker P20i True Wireless Earbuds, 10mm Drivers with Big Bass, Bluetooth 5.3, 30H Long Playtime, IPX5 Water-Resistant, 2 Mics for AI Clear Calls, 22 Preset EQs, Customization via App",Iceland,regional,33.33,1,Amazon,['https://www.amazon.co.uk/soundcore-Wireless-Bluetooth-Water-Resistant-Customization-Black/dp/B0BTYCRJSS/ref=sr_1_7?dib=eyJ2IjoiMSJ9.wPVSA3PKxnYXl7ztA1_XZrpBMCG8r9sSvlEExsVPc6a0k9S6Nuu9psKt7lqSC-e-2CBkTSN6lCSeR8UOdfccpj3lKKVD8nC9pZhvoTkmIOeR2aFJ7e-xavzDu6RGfIEgw5nQB0Qefl-LS-W5zemFMEJInU6pY1o56ag43Z-aSYCCGUBuJWI21z0S4b2uLs1TeWP9W5mn3s4xf1QpC3aOpxadBGZc0dDp-EjA3DxuQiA.xJ_ZDTwORK5FJP8-K_8OcxaSuBWcJRRZdxHSnr6HZFw&dib_tag=se&keywords=Wireless+Earbuds&qid=1770702079&sr=8-7'],Watch
WARNING MAY SPONTANEOUSLY START TALKNG ABOUT ICELANDIC GLACIERS HOODIE,Iceland,regional,22.22,1,eBay,['https://www.ebay.co.uk/itm/256734407618?_skw=Icelandic+Hoodies&itmmeta=01KH313M99A9P739QYXY63KV6B&hash=item3bc6902bc2:g:SHYAAOSwYtdnS36c&itmprp=enc%3AAQALAAAA8GfYFPkwiKCW4ZNSs2u11xB9enzMIPdeS3gAM9dWZOqLyRsg7amssmHVPwWz5rJSunRvr6y0nh4IsUOR8%2BWj4BM4TsbEfajnSXClWF%2Fvi45pkiZvsAHKcFgLMmlBlEqkThPnLSd1MgVuW88r24%2F7KPRl01LpB%2BHhtbahRIeyzUSd8aifw%2BoCFyRMASwYXdQqa0vyXH3N0uRYlJ5z9fCK3iB7sTmgLS1dza9HhzFpMBOzsw0BJ6ZXaY%2FqmyCJ6dnlr0kNvwjQTATj3K77fG5ipwmnoSN2HcQLccB8lQvQzm3JCF%2BuLwF4M%2B9oKBYH06C3tw%3D%3D%7Ctkp%3ABk9SR_DEjuGIZw'],Watch
Wireless Bluetooth Earbuds Invisible Sleep Earphones Noise Canceling TWS,Iceland,regional,22.22,1,eBay,['https://www.ebay.co.uk/itm/358154258425?_skw=Wireless+Earbuds&itmmeta=01KH31432AFJ6MY5TRF2NN37BR&hash=item5363a847f9:g:dkkAAeSwqbtpe1T2&itmprp=enc%3AAQALAAAA0GfYFPkwiKCW4ZNSs2u11xAi8cyvmZwr8VKr%2B7iBPzET12FVFJNJ0fF7UCMVN%2Bk4%2FhPrbOzV3sXCyjR8%2Fv501wRShveHUKFK%2B0eleoZo3xsreqlq2%2FN3a1GSa9dfwj2nsDr4Eaq5U651KeCmz7ZPcmSzqLnULJynhZHU58vw4GSxUorTuMcLE2bSuDE1cwYA5QokC%2BoFmGWsrdyPLFHgUz7r0UUMFwCv4OH%2FVO4CSFQeLD4LiKl7D1hkHlNlffkagzUhC70L2GE7lhNQ89A5ADA%3D%7Ctkp%3ABk9SR8KxkOGIZw'],Watch
"ZIUTY Ear Buds Wireless Earbuds, Bluetooth 5.4 In Ear Headphones with Mic, HiFi Stereo Sound, Touch Control, 48H Playtime LED Display, IPX7 Waterproof Bluetooth Headphones for iOS/Android, Black",Iceland,regional,22.22,1,Amazon,['https://www.amazon.co.uk/sspa/click?ie=UTF8&spc=MTo3NDIzNzk1MDc2OTc0MDg5OjE3NzA3MDIwNzk6c3BfbXRmOjMwMDk0MTI0MTYxMDIzMjo6MDo6&url=%2FZIUTY-T12-Wireless-Earbuds-Black%2Fdp%2FB0GL1ZPB3W%2Fref%3Dsr_1_8_sspa%3Fdib%3DeyJ2IjoiMSJ9.wPVSA3PKxnYXl7ztA1_XZrpBMCG8r9sSvlEExsVPc6a0k9S6Nuu9psKt7lqSC-e-2CBkTSN6lCSeR8UOdfccpj3lKKVD8nC9pZhvoTkmIOeR2aFJ7e-xavzDu6RGfIEgw5nQB0Qefl-LS-W5zemFMEJInU6pY1o56ag43Z-aSYCCGUBuJWI21z0S4b2uLs1TeWP9W5mn3s4xf1QpC3aOpxadBGZc0dDp-EjA3DxuQiA.xJ_ZDTwORK5FJP8-K_8OcxaSuBWcJRRZdxHSnr6HZFw%26dib_tag%3Dse%26keywords%3DWireless%2BEarbuds%26qid%3D1770702079%26sr%3D8-8-spons%26aref%3D6stQC5hE8j%26sp_csd%3Dd2lkZ2V0TmFtZT1zcF9tdGY%26psc%3D1&aref=6stQC5hE8j&sp_cr=ZAZ'],Watch
"Watermelon Skincare Set, 3PCS Travel Face Care Kit with Niacinamide, Hyaluronic Acid & Collagen for Hydrating, Radiance & Boosting, Christmas Birthday Pamper Gifts for Women Teenage Girls",Iceland,regional,22.22,1,Amazon,['https://www.amazon.co.uk/Watermelon-Niacinamide-Hyaluronic-Hydrating-Christmas/dp/B0FCRJ7JWC/ref=sr_1_8?dib=eyJ2IjoiMSJ9.oJejy4D6BAJHQIjtesxQ9hpUQOCfHNwjwnfdIqFHmx1h0nad6yUG1Tlm_7Efj-pUxZTWeCkVyJKwoDL3ef8h80d1-LCf3isI5OwR0S7A6A_M0b6rqd8qTrZprals3CQ-IE443dRQyCj5RknqJzpRQxOt6As5qwPEuxI2AdBhhV1Go0XMYdLGWbZT5SIhakX1ZjgE7bmHDauLumtgk9GzfEXUjlWFmJguO7ow7PLyLndS60_67-ant9BgUpYo1912ATPS_OZnjVVXZNZMvdP4sNNDPlVwmaEkyW0je0KHqJw.8vGNhhyzAJbETTyuCLMiEV7o7uvtE5LAr7eysH2Y94k&dib_tag=se&keywords=Skincare+Products&qid=1770702089&sr=8-8'],Watch
"Fitness Smartwatch for Men & Women with ECG/Heart Rate/Blood Pressure/Calories/HRV/Sleep monitor Activity Tracker with 1.56"" Amoled Bluetooth Calls,14 Days Battery Life and IP67 Waterproof (Casual)",Iceland,regional,22.22,1,Amazon,['https://www.amazon.co.uk/sspa/click?ie=UTF8&spc=MTo2NTk4MTAyMDg0MjI1NjE4OjE3NzA3MDIwODQ6c3BfbXRmOjMwMDg3OTIxOTU0NzgzMjo6MDo6&url=%2FSmartwatch-Pressure-Calories-Bluetooth-Waterproof%2Fdp%2FB0FZBS1TFM%2Fref%3Dsr_1_8_sspa%3Fdib%3DeyJ2IjoiMSJ9.NPSokQD9VMXbNVaSLfI9hR9GZovUdmjuJZzHeJo91hrjXRFhUUn5XvDPvQBeEGRZH8C0RmoSIwiEqkjIMzJiAOrfZrdqudJWvwOqsYEaatxu5uw8U6sMwHlYDUMb-o03li-FXvkfEzLVXAEAhGMM7nuWM7XIlEfD9TdlDrPnf17iu2ClMPqVKlPCCl6aBXOV5hexFMMr6UETyr5gAQLzQvW7CNb4JJqPuGn-eQct6x4.Qvk948GZIGS-32ioOcI7e7be6x4iE49tu-4-4V-3dR8%26dib_tag%3Dse%26keywords%3DSmart%2BWatches%26qid%3D1770702084%26sr%3D8-8-spons%26aref%3De30BVktTd5%26sp_csd%3Dd2lkZ2V0TmFtZT1zcF9tdGY%26psc%3D1&aref=e30BVktTd5&sp_cr=ZAZ'],Watch
Icelandic Map Fire Ice Northern Lights Icelandic Souvenir Pullover Hoodie,Iceland,regional,22.22,1,Amazon,['https://www.amazon.co.uk/Iceland-Northern-Icelandic-Souvenir-Pullover/dp/B0BGF9PM7C/ref=sr_1_8?dib=eyJ2IjoiMSJ9.cD9e_rphmagbwEdXVwpjZppsGvT3xxqY0a0uj4tCAc28dpikEZ2LSWjI69pN0TmOUzCX0TNFIy13lhYiiabkwAWV9Ndd4pejz5nMuVxwutI3igBPS_oJJXmcrB2OONLakzICjYngVkEIiemRd33Svl_6JORN4js3jlQRG6nAt4Dse-M8CtKTIuCdRr8jERP9bCpZAOBB0Vb9LAUFwFvBF28FjMA2VG5g4WJr-KC1cNfLH07-uZe0GbuTswpcDbBAVaEsJsxENfldwtdNKX72FYmNEt7xYCm0_jBLbMXKRt0.tRgY07eU66VzYJ-_fCiKHOe26RT4O7zqKUZ0X7aRM8c&dib_tag=se&keywords=Icelandic+Hoodies&qid=1770702061&sr=8-8'],Watch
Crystal Gemstone Bead Bracelet Natural Stone Stretch Healing Jewellery Gift 8mm,Iceland,regional,22.22,1,eBay,['https://www.ebay.co.uk/itm/156732918988?_skw=Volcanic+Jewelry&itmmeta=01KH313TH5P1XHGFXEGYA99ZZQ&hash=item247e028ccc:g:uaUAAOSwoZ9mKtbe&itmprp=enc%3AAQALAAAA8GfYFPkwiKCW4ZNSs2u11xA2puHqI2I0NthexfZcJsthw2%2FC1i6fkAej0ImKOD%2B6WD0KWuuGEMEP0wGttGmHTPWmlT26YRVGMftH7q7v8CY1nLdoq%2BYG6g%2BXz9u8B9t2iIx%2Fa4AGwULoJTwzwCbARSpTBXqUnzTPKXyaDpoYcelYg%2FE8%2F6Dga56zSSpgAlIOw8vGBAaAjtc%2BBQqSCGShRbdwgY8ykiQHzyKu53AFSMZF%2F84yTh0dWxQ8L2CO29rwLXV6jLT4tXcQRoMjvYcGo1k96Bqhnw3SaiwzjAiVBSHaa6%2FssOWRj2IxsbZg6jazuw%3D%3D%7Ctkp%3ABk9SR_aoj-GIZw'],Watch
"2pcs Protective Bracelet, Triple Protective Energy Bracelet Tiger Eye Red Agate Hematite Volcanic Obsidian Stone Manifestation Jewelry for Good Luck Happiness Women Men Gift",Iceland,regional,22.22,1,Amazon,['https://www.amazon.co.uk/Mikovivi-Protective-Bracelet-Manifestation-Happiness/dp/B0FMQQXSLS/ref=sr_1_8?dib=eyJ2IjoiMSJ9.z-eQoOtecv7393JGfnadBb_lmoKhHrGM7C8Q6MGr7mNTInX3vdONildemeCl8guiGoMyA2RF7WuShhOHa18htZYNu__4hF1Y7oHTu8eMwz2aSayPosaGHLAoJPcZ04RzBd16csf7UN0oHE-PxvaXfIPW5qbShER6lw9teP8QReTJQCYyPmmx7N-BCaIhoImbeUeQRjzyqrqHPQNT9rFXOP9r9dBFKgX63qV1gNWtUq2Mt28mrrFsyVzMHeP2KAC4nGCk5eDSlcfwQA9CJlF4gXxv92tXN41DsrkEpyMkcds.ZKE-idUT3JU-jXScOAgYQz4U66zxUhbldV2MuHbLI3M&dib_tag=se&keywords=Volcanic+Jewelry&qid=1770702069&sr=8-8'],Watch
"100% Cacao Chocolate Bar. Made From Madagascan Cacao, Naturally Rich In Flavonoids & Antioxidants. Bean To Bar Chocolate Suitable For Vegans.",Iceland,regional,22.22,1,Amazon,['https://www.amazon.co.uk/Chocolate-Madagascan-Naturally-Flavonoids-Antioxidants/dp/B0FJ2L9JSD/ref=sr_1_8?dib=eyJ2IjoiMSJ9.KDkWbTv79Yb0qJRJHX0jdJwo8oKaF1wR_gKhf3ocN_Os1WHdr-7XL5WwDFwJ4LJsOwsm7leU3DKvxLJ8rmjQhWzGxWQOU0VLARQNWShPupasnrUyGlySSRwqB6pVOrrzaXifOujY6XEIoStERCaD3ZFDtgaf_IRyr77wlK03XwZe9er39p6ryCKyUpRa7WIVmDgJCSKPdvUAjPav-dvZkmN9BA1z1QgWAeK5K6HsULQ.DVzdHE1L77JZFEnmZplD9Tjn-LkU1ECa5YeEb6qjnhg&dib_tag=se&keywords=Omnom+Chocolate&qid=1770702075&sr=8-8'],Watch
4x Mesoestetic Sample Products,Iceland,regional,22.22,1,eBay,['https://www.ebay.co.uk/itm/306756665087?_skw=Skincare+Products&itmmeta=01KH314DN5QM8SJWB703J23EAA&hash=item476c1f3eff:g:46gAAeSwejdph8aJ&itmprp=enc%3AAQALAAAA8GfYFPkwiKCW4ZNSs2u11xA4LflGmaXyf%2FatX4CulaRHyamCj4IuNI00IJIjkD3m76GMTdI6rTgHOLpcb9%2BbMBzyINmA1bksOt7o0diCUECgfEAbwutBq14oCwhttD2e4y26X9bu%2FAquNGO8bWlILMigXxAQHBpkntK1xPeoJAvN1Q07%2Bz47Zm9L%2FuLyBqvvPjIUYK%2B65FEExCHOECalbUgruU4yigbyQEXL1UtMsWzCA2hIgVLOYSjNTHB5Ng%2BO4v29zSkdFbxlik4RLowA0WLUtn%2FJaqiNCIPI%2FCqOJ8YRGVTwgG9oho6gJK%2Bb4B8B7Q%3D%3D%7Ctkp%3ABk9SR-LbkeGIZw'],Watch
4mm 6mm 8mm 10mm 12mm Natural Gemstone Round Spacer Loose Beads Jewelry Making,Iceland,regional,11.11,1,eBay,['https://www.ebay.co.uk/itm/166256192228?_skw=Volcanic+Jewelry&itmmeta=01KH313TH5230Z0SKYZ6Y03G42&hash=item26b5a42ae4:g:W54AAOSw13Fkx4em&itmprp=enc%3AAQALAAAA0GfYFPkwiKCW4ZNSs2u11xCF5VWGqvyYUNwyEN71DmlUBnrzg2Q70e2IGgb9dTkSi4b0cfgwZmw4KMI4WuLMK2Zy2jMF7tjpLSEniQBsyEvlN%2B3jSDAerJOVorh3%2Bfz6VsqinvSKs9uRhse6nnQeRKIzdKvniuuXCVP8AEu4kLiuwFUFU69KxmL0nzbcBnSgxOfzAy06dTpEPhu1XXzPAFI7a3szk4m5j6OkmkuqYVgvxg5z58DheyTTT5OCg5ZIihSf0xU%2FJo4Zsybi8%2BNR1QE%3D%7Ctkp%3ABk9SR_aoj-GIZw'],Watch
2026 New Best Smart Watches for Men Women with Make/Receive Call Fitness Watch,Iceland,regional,11.11,1,eBay,['https://www.ebay.co.uk/itm/358085244262?_skw=Smart+Watches&itmmeta=01KH31480SX3ZBKR14NZKTN2WN&hash=item535f8b3566:g:p~cAAeSw-GBpFplq&itmprp=enc%3AAQALAAAA8GfYFPkwiKCW4ZNSs2u11xADY5s3W9s7TXYZTXE4sOcQoB6B6DC4lk0kCOE31epeyYN2ePyfL1dD7%2FsxCEp%2BWYQqFgdw4NzPGmzjMJ9pTIASwYG4jwb9911uxz83x1heGUW6qAWA3JOiDH9pkZoR5iVOmkfqAEzua6Int%2BJUopsgosGTgS1ze8bs0Z8USNZIuZ1JbdM8NnxwVgRyoCNEYb2prvKTN5KmECyxja084sE1630vHd0BU1zdqC%2BTpx19PARvhH052ejK%2BU%2FpRo9c2SBCIkMy1CCScOsMwIUV%2FnkApdSI%2F6jsFmxKtB8U%2FYR4yg%3D%3D%7Ctkp%3ABk9SR_KAkeGIZw'],Watch
FitLine Skin 4ever anti-aging cream. It is a rich 24-hour facial care product,Iceland,regional,11.11,1,eBay,['https://www.ebay.co.uk/itm/198061554075?_skw=Skincare+Products&itmmeta=01KH314DN5QKFXGH25E3JTF2K0&hash=item2e1d63799b:g:EAYAAeSw2AdpejND&itmprp=enc%3AAQALAAAA8GfYFPkwiKCW4ZNSs2u11xDuWy%2BccsIAxYxlGw8Y0nIeqzmTbDz4579g5G2S0sIGZGyiYVIrkJBXKHKFrc3kyPn267Po620JouvhLHEu2Yg3wtUv80zECF18KxavzJRpdLhxYfFfZcGKZBMU8Tg4f6%2BWQgv1XoqYvOubW6VjbMDreATzMpchJ%2BE%2FP8n1ltg6bSssXzIPJZT3TgcDB4L8nFHbtkrzrfv1WIabpcspvKl5SeYXWS88PJh7qSdbYsImw2RvFGVKMN7t5%2BIqvJypYZXYYFEn8kXkoMI%2BmPbkDhINsckwq%2F4vJRNZtE0KXOJLtA%3D%3D%7Ctkp%3ABk9SR-LbkeGIZw'],Watch
"Gifts Diabetic Chocolate Gift Box (14x19g) Crunch Cake Mini Chocolate Keto Snack Bar, Sweet Diabetic Biscuit Food Treats Hamper, 65 Calories, Low Calorie Snack For Women & Men, Fitbakes",Iceland,regional,11.11,1,Amazon,['https://www.amazon.co.uk/Fitbakes-Diet-Treats-Gift-Box/dp/B0BBFSK836/ref=sr_1_9?dib=eyJ2IjoiMSJ9.KDkWbTv79Yb0qJRJHX0jdJwo8oKaF1wR_gKhf3ocN_Os1WHdr-7XL5WwDFwJ4LJsOwsm7leU3DKvxLJ8rmjQhWzGxWQOU0VLARQNWShPupasnrUyGlySSRwqB6pVOrrzaXifOujY6XEIoStERCaD3ZFDtgaf_IRyr77wlK03XwZe9er39p6ryCKyUpRa7WIVmDgJCSKPdvUAjPav-dvZkmN9BA1z1QgWAeK5K6HsULQ.DVzdHE1L77JZFEnmZplD9Tjn-LkU1ECa5YeEb6qjnhg&dib_tag=se&keywords=Omnom+Chocolate&qid=1770702075&sr=8-9'],Watch
Vegvisir - Icelandic Norse magical 'Signpost' Symbol- Hoodie,Iceland,regional,11.11,1,eBay,['https://www.ebay.co.uk/itm/303232251977?_skw=Icelandic+Hoodies&itmmeta=01KH313M9990VB7V30DG7V376S&hash=item469a0cf849:g:RJkAAOSwTPddNcP8&itmprp=enc%3AAQALAAAA8GfYFPkwiKCW4ZNSs2u11xAU%2F5VOvign2RWSbGDH4YW%2FHxMeBHNWMhROqMahBt8hAthFp%2F96ytLHnucdIk%2FJTpU80d%2FGVgnpck%2Fi8N1qsVyFdnpddKrfUit%2F%2BW5aXqTjeAdHfQd6NK1hWm%2FA6XMP8atjj4OD%2Fvx8Qoosn7gforEM93cAxkOM6w%2BHLzWPdn1JeE9X7STsh9Zxz%2BU%2FUQkwUZde2ys2Q9Y%2F8uxl7sLrtWnXYlzuL5TyjVQc%2Fj9JKyDXPcIcNyfrpe%2FYwCsLOz70DR6jZmzC0I7h7lVXvnWVVRPeirvY99%2BbXbtpvIw9iMtG9w%3D%3D%7Ctkp%3ABk9SR_LEjuGIZw'],Watch
"Smart Watch for Men Women, Bluetooth Calls, AI Dial, AI Q&A,1.85""HD AMOLED Curved Display Fitness Watch with Heart Rate/Sleep/SpO2/Stress Monitor, 110+ Sports Depth Waterproof Smartwatch, Black",Iceland,regional,11.11,1,Amazon,['https://www.amazon.co.uk/sspa/click?ie=UTF8&spc=MTo2NTk4MTAyMDg0MjI1NjE4OjE3NzA3MDIwODQ6c3BfbXRmOjMwMDk0MTAwNDgzNTUzMjo6MDo6&url=%2FBluetooth-Display-Fitness-Waterproof-Smartwatch-Black%2Fdp%2FB0GHXZGML4%2Fref%3Dsr_1_9_sspa%3Fdib%3DeyJ2IjoiMSJ9.NPSokQD9VMXbNVaSLfI9hR9GZovUdmjuJZzHeJo91hrjXRFhUUn5XvDPvQBeEGRZH8C0RmoSIwiEqkjIMzJiAOrfZrdqudJWvwOqsYEaatxu5uw8U6sMwHlYDUMb-o03li-FXvkfEzLVXAEAhGMM7nuWM7XIlEfD9TdlDrPnf17iu2ClMPqVKlPCCl6aBXOV5hexFMMr6UETyr5gAQLzQvW7CNb4JJqPuGn-eQct6x4.Qvk948GZIGS-32ioOcI7e7be6x4iE49tu-4-4V-3dR8%26dib_tag%3Dse%26keywords%3DSmart%2BWatches%26qid%3D1770702084%26sr%3D8-9-spons%26aref%3DikfzAdpfsw%26sp_csd%3Dd2lkZ2V0TmFtZT1zcF9tdGY%26psc%3D1&aref=ikfzAdpfsw&sp_cr=ZAZ'],Watch
"Dumbbell Bracelet for Men,Lava Beads Dumbbell Bracelet,Natural Volcanic Stone Bracelet Anxiety Bead Bracelet Yoga Beads Elastic Jewelry Set for Women Men",Iceland,regional,11.11,1,Amazon,['https://www.amazon.co.uk/Dumbbell-Bracelet-Natural-Volcanic-Anxiety/dp/B0DJVRZ2HG/ref=sr_1_9?dib=eyJ2IjoiMSJ9.z-eQoOtecv7393JGfnadBb_lmoKhHrGM7C8Q6MGr7mNTInX3vdONildemeCl8guiGoMyA2RF7WuShhOHa18htZYNu__4hF1Y7oHTu8eMwz2aSayPosaGHLAoJPcZ04RzBd16csf7UN0oHE-PxvaXfIPW5qbShER6lw9teP8QReTJQCYyPmmx7N-BCaIhoImbeUeQRjzyqrqHPQNT9rFXOP9r9dBFKgX63qV1gNWtUq2Mt28mrrFsyVzMHeP2KAC4nGCk5eDSlcfwQA9CJlF4gXxv92tXN41DsrkEpyMkcds.ZKE-idUT3JU-jXScOAgYQz4U66zxUhbldV2MuHbLI3M&dib_tag=se&keywords=Volcanic+Jewelry&qid=1770702069&sr=8-9'],Watch
"COSRX Advanced Snail 96 Mucin Power Essence 100ml | Snail Secretion Filtrate 96% | Skin Repair Serum | CPNP Registered, Korean Skin Care, Cruelty Free, Paraben Free, Alcohol Free",Iceland,regional,11.11,1,Amazon,['https://www.amazon.co.uk/COSRX-Hydrating-Makeup-Korean-Beauty/dp/B00PBX3L7K/ref=sr_1_9?dib=eyJ2IjoiMSJ9.oJejy4D6BAJHQIjtesxQ9hpUQOCfHNwjwnfdIqFHmx1h0nad6yUG1Tlm_7Efj-pUxZTWeCkVyJKwoDL3ef8h80d1-LCf3isI5OwR0S7A6A_M0b6rqd8qTrZprals3CQ-IE443dRQyCj5RknqJzpRQxOt6As5qwPEuxI2AdBhhV1Go0XMYdLGWbZT5SIhakX1ZjgE7bmHDauLumtgk9GzfEXUjlWFmJguO7ow7PLyLndS60_67-ant9BgUpYo1912ATPS_OZnjVVXZNZMvdP4sNNDPlVwmaEkyW0je0KHqJw.8vGNhhyzAJbETTyuCLMiEV7o7uvtE5LAr7eysH2Y94k&dib_tag=se&keywords=Skincare+Products&qid=1770702089&sr=8-9'],Watch
"BYOMA Moisturising Gel Cream (50ml) Lightweight Oil Free Daily Moisturiser with Barrier Repair, Niacinamide and Green Tea, for All Skin Types - Alcohol Free, Vegan",Iceland,regional,0.0,1,Amazon,['https://www.amazon.co.uk/BYOMA-Moisturizing-Gel-Cream-50ml/dp/B0BJ74DJXG/ref=sr_1_10?dib=eyJ2IjoiMSJ9.oJejy4D6BAJHQIjtesxQ9hpUQOCfHNwjwnfdIqFHmx1h0nad6yUG1Tlm_7Efj-pUxZTWeCkVyJKwoDL3ef8h80d1-LCf3isI5OwR0S7A6A_M0b6rqd8qTrZprals3CQ-IE443dRQyCj5RknqJzpRQxOt6As5qwPEuxI2AdBhhV1Go0XMYdLGWbZT5SIhakX1ZjgE7bmHDauLumtgk9GzfEXUjlWFmJguO7ow7PLyLndS60_67-ant9BgUpYo1912ATPS_OZnjVVXZNZMvdP4sNNDPlVwmaEkyW0je0KHqJw.8vGNhhyzAJbETTyuCLMiEV7o7uvtE5LAr7eysH2Y94k&dib_tag=se&keywords=Skincare+Products&qid=1770702089&sr=8-10'],Watch
"6mm Boho Natural Blue Turquoises Beads Bracelet Men Cross Pendant Black Volcanic Stone Strand Bracelets for Women Charm Jewelry,Matte Black",Iceland,regional,0.0,1,Amazon,['https://www.amazon.co.uk/PRAK-Turquoises-Bracelet-Volcanic-Bracelets/dp/B08F24BVVV/ref=sr_1_10?dib=eyJ2IjoiMSJ9.z-eQoOtecv7393JGfnadBb_lmoKhHrGM7C8Q6MGr7mNTInX3vdONildemeCl8guiGoMyA2RF7WuShhOHa18htZYNu__4hF1Y7oHTu8eMwz2aSayPosaGHLAoJPcZ04RzBd16csf7UN0oHE-PxvaXfIPW5qbShER6lw9teP8QReTJQCYyPmmx7N-BCaIhoImbeUeQRjzyqrqHPQNT9rFXOP9r9dBFKgX63qV1gNWtUq2Mt28mrrFsyVzMHeP2KAC4nGCk5eDSlcfwQA9CJlF4gXxv92tXN41DsrkEpyMkcds.ZKE-idUT3JU-jXScOAgYQz4U66zxUhbldV2MuHbLI3M&dib_tag=se&keywords=Volcanic+Jewelry&qid=1770702069&sr=8-10'],Watch
Pullover Hoodie,Iceland,regional,0.0,1,Amazon,['https://www.amazon.co.uk/Icelandic-Flag-Pullover-Hoodie/dp/B0B9JL2CKR/ref=sr_1_10?dib=eyJ2IjoiMSJ9.cD9e_rphmagbwEdXVwpjZppsGvT3xxqY0a0uj4tCAc28dpikEZ2LSWjI69pN0TmOUzCX0TNFIy13lhYiiabkwAWV9Ndd4pejz5nMuVxwutI3igBPS_oJJXmcrB2OONLakzICjYngVkEIiemRd33Svl_6JORN4js3jlQRG6nAt4Dse-M8CtKTIuCdRr8jERP9bCpZAOBB0Vb9LAUFwFvBF28FjMA2VG5g4WJr-KC1cNfLH07-uZe0GbuTswpcDbBAVaEsJsxENfldwtdNKX72FYmNEt7xYCm0_jBLbMXKRt0.tRgY07eU66VzYJ-_fCiKHOe26RT4O7zqKUZ0X7aRM8c&dib_tag=se&keywords=Icelandic+Hoodies&qid=1770702061&sr=8-10'],Watch
"Men & Women Natural Stone Beads Bracelet – Hematite, Onyx Meditation Jewelry",Iceland,regional,0.0,1,eBay,['https://www.ebay.co.uk/itm/127592245056?_skw=Volcanic+Jewelry&itmmeta=01KH313TH5RPTCZS6G286VZBZZ&hash=item1db5172740:g:MyAAAeSweJRpTfEx&itmprp=enc%3AAQALAAAA0GfYFPkwiKCW4ZNSs2u11xB5eVb80LS7dmJGJbzcJx0vz8ULqzM5U0ikS70NzZg%2FF8ckrOIIFLZUZ18oaU8UfxRk%2BS%2Fwbn%2FfFcEDgPyJAPi8Nc5yjrc%2FqUeKv533gamGwPoOW1rpXriN398oP8Km5ZDeOkuUA6pyswy61Q4B4631%2F9x4LYxCRddbMIVr%2FWrF0uVn6cEyOls4mp31E%2FVlXU8vJ714KJg7vha7FewK1igevEqKj2Mx3BoJTUncfQqaAN3cgkRZ3LsjnyZbWVpua94%3D%7Ctkp%3ABk9SR_aoj-GIZw'],Watch
UK 2026 New Medical Grade Smart Watch Blood Pressure Oxygen Heart Rate Bluetooth,Iceland,regional,0.0,1,eBay,['https://www.ebay.co.uk/itm/286098605746?_skw=Smart+Watches&itmmeta=01KH31480SJWN8RM3AHTPT8MJ8&hash=item429cce46b2:g:vYAAAeSwsfJpdVwA&itmprp=enc%3AAQALAAAA8GfYFPkwiKCW4ZNSs2u11xCEJCK5Unvnd8Jxnq4fmlnWim2C9oQvXKz9MKpwomCScqqXexv8BqojhcEKDmRX%2FRIjE9X41IcnnlzKYRI8%2B6%2BqSDo014XczAgjyDuIwfX5R1Vf9yykgmPlJXj%2Fb62C6yDh5p%2BfMKQGgt%2FT9D398SeQUAxhAhZUzT7XHgmArHqUrqeuQCk7R3lkMzfYlCsFXYDDpmVQiufRixUlYJORwHDRKIc%2BubeHCecjWTzecnt6tlTPdPyxmAXCgfkhTuSv7426HivAZGaGoiA0nnPJXkT%2FJ5VZfmB%2FQMzjHxWwZChMLQ%3D%3D%7Ctkp%3ABk9SR_aAkeGIZw'],Watch
"soundcore P30i by Anker Noise Cancelling Earbuds, Strong and Smart Noise Cancelling, Powerful Bass, 45H Playtime, 2-in-1 Case and Phone Stand, IP54, Wireless Earbuds, Bluetooth 5.4, App Control",Iceland,regional,0.0,1,Amazon,['https://www.amazon.co.uk/soundcore-Cancelling-Powerful-Playtime-Bluetooth-Green/dp/B0CRTR3PMF/ref=sr_1_10?dib=eyJ2IjoiMSJ9.wPVSA3PKxnYXl7ztA1_XZrpBMCG8r9sSvlEExsVPc6a0k9S6Nuu9psKt7lqSC-e-2CBkTSN6lCSeR8UOdfccpj3lKKVD8nC9pZhvoTkmIOeR2aFJ7e-xavzDu6RGfIEgw5nQB0Qefl-LS-W5zemFMEJInU6pY1o56ag43Z-aSYCCGUBuJWI21z0S4b2uLs1TeWP9W5mn3s4xf1QpC3aOpxadBGZc0dDp-EjA3DxuQiA.xJ_ZDTwORK5FJP8-K_8OcxaSuBWcJRRZdxHSnr6HZFw&dib_tag=se&keywords=Wireless+Earbuds&qid=1770702079&sr=8-10'],Watch
