video_title,channel,published_at,video_url,trend_score,country,proxy_region,signal_source,confidence,collected_at
ATTACKING ON A LUXURY HOTEL | GTA 5 GAMEPLAY #163,Techno Gamerz,2026-02-07T15:30:15Z,https://www.youtube.com/watch?v=Ly72G5N-G9c,7554401,India,IN,youtube,high,2026-02-09T05:15:24.716806
"100,000 UC WITHERBLOOM HONEY BADGER OPENING | JONATHAN IS BACK!! | BGMI!",JONATHAN GAMING,2026-02-07T23:31:21Z,https://www.youtube.com/watch?v=hSM-wrCb51k,1846267,India,IN,youtube,high,2026-02-09T05:15:24.716806
I Solved GTA 5's Biggest Mystery With Michael,Mythpat,2026-02-07T05:41:19Z,https://www.youtube.com/watch?v=c-I-jXpGuOk,1537315,India,IN,youtube,high,2026-02-09T05:15:24.716806
We Found the Scary 67 Brainrot Tunnel in Minecraft..,Karry Kraft,2026-02-08T09:09:52Z,https://www.youtube.com/watch?v=46pWqk1FScM,550964,India,IN,youtube,high,2026-02-09T05:15:24.716806
"BORDER 2: Mitti Ke Bete (Full Video)| Sunny Deol | Varun D,Diljit,Ahan |Mithoon |Sonu Nigam |Manoj M",T-Series,2026-02-07T08:30:10Z,https://www.youtube.com/watch?v=XB6va4bR0-s,795436,India,IN,youtube,high,2026-02-09T05:15:24.716806
How to insert download games  ğŸ˜± in T800 ultra smart watch âœ…ï¸ #video #videoviral #smartwatch,SMART GANESH,2025-07-19T05:57:00Z,https://www.youtube.com/watch?v=mp3VvXLqeEw,100,UAE,AE,youtube,medium,2026-02-09T05:15:30.114278
Secret feature in Noise Colorfit Icon 2 smartwatch ğŸ¤” #noise #shorts,SuperHit Technical,2024-08-14T19:20:05Z,https://www.youtube.com/watch?v=1tAzNTTHEcE,90,UAE,AE,youtube,medium,2026-02-09T05:15:30.114278
T800 ultra smart watch mein free fire laane ke liye secret number ğŸ‘#reels #explore #1millionviews,SAMEER BHAI VLOG,2024-01-21T11:06:58Z,https://www.youtube.com/watch?v=WATGwiLMemY,80,UAE,AE,youtube,medium,2026-02-09T05:15:30.114278
NoiseFit Vortex ( Silver Grey ) Budget AMOLED SmartWatch #Unboxing #Shorts #Gadgets,WhySoTechie,2023-06-12T07:17:49Z,https://www.youtube.com/watch?v=ANVdslrq67s,70,UAE,AE,youtube,medium,2026-02-09T05:15:30.114278
ğŸ¤‘ à®ªà®Ÿà¯à®œà¯†à®Ÿà¯à®² à®’à®°à¯ à®¨à®²à¯à®² Watch à®µà®¾à®™à¯à®•à®£à¯à®®à®¾...â“ï¸âœ¨ï¸#redmi #smartwatch #shorts,Tamil Tech - MrTT,2025-04-25T12:16:12Z,https://www.youtube.com/watch?v=-UCIKmbhTdM,60,UAE,AE,youtube,medium,2026-02-09T05:15:30.114278
How to insert download games  ğŸ˜± in T800 ultra smart watch âœ…ï¸ #video #videoviral #smartwatch,SMART GANESH,2025-07-19T05:57:00Z,https://www.youtube.com/watch?v=mp3VvXLqeEw,100,UK,GB,youtube,medium,2026-02-09T05:15:34.791580
Secret feature in Noise Colorfit Icon 2 smartwatch ğŸ¤” #noise #shorts,SuperHit Technical,2024-08-14T19:20:05Z,https://www.youtube.com/watch?v=1tAzNTTHEcE,90,UK,GB,youtube,medium,2026-02-09T05:15:34.791580
NoiseFit Vortex ( Silver Grey ) Budget AMOLED SmartWatch #Unboxing #Shorts #Gadgets,WhySoTechie,2023-06-12T07:17:49Z,https://www.youtube.com/watch?v=ANVdslrq67s,80,UK,GB,youtube,medium,2026-02-09T05:15:34.791580
T800 ultra smart watch mein free fire laane ke liye secret number ğŸ‘#reels #explore #1millionviews,SAMEER BHAI VLOG,2024-01-21T11:06:58Z,https://www.youtube.com/watch?v=WATGwiLMemY,70,UK,GB,youtube,medium,2026-02-09T05:15:34.791580
ğŸ¤‘ à®ªà®Ÿà¯à®œà¯†à®Ÿà¯à®² à®’à®°à¯ à®¨à®²à¯à®² Watch à®µà®¾à®™à¯à®•à®£à¯à®®à®¾...â“ï¸âœ¨ï¸#redmi #smartwatch #shorts,Tamil Tech - MrTT,2025-04-25T12:16:12Z,https://www.youtube.com/watch?v=-UCIKmbhTdM,60,UK,GB,youtube,medium,2026-02-09T05:15:34.791790
ğŸ¤‘ à®ªà®Ÿà¯à®œà¯†à®Ÿà¯à®² à®’à®°à¯ à®¨à®²à¯à®² Watch à®µà®¾à®™à¯à®•à®£à¯à®®à®¾...â“ï¸âœ¨ï¸#redmi #smartwatch #shorts,Tamil Tech - MrTT,2025-04-25T12:16:12Z,https://www.youtube.com/watch?v=-UCIKmbhTdM,100,Germany,DE,youtube,medium,2026-02-09T05:15:39.456961
Don&#39;t Missâš¡ï¸Top 5 Best Smartwatch Under 2000 In Feb 2026âš¡ï¸Best Smartwatch Under 1500 - 2000,Techarsh,2026-02-07T06:37:00Z,https://www.youtube.com/watch?v=g8owCw95Zug,90,Germany,DE,youtube,medium,2026-02-09T05:15:39.456961
boAt Best Selling Smart Watch Here !  boAt Storm Call 2 ||  #prasadtechintelugu,Prasadtechintelugu,2023-10-11T10:30:10Z,https://www.youtube.com/watch?v=Ij5J1Zho4qI,80,Germany,DE,youtube,medium,2026-02-09T05:15:39.456961
Ram Vs Shyam! Best Smartwatch in sale #shorts,Shreemani Tripathi,2025-09-30T13:55:22Z,https://www.youtube.com/watch?v=scMlS46c0sQ,70,Germany,DE,youtube,medium,2026-02-09T05:15:39.456961
How to connect noisefit smart watch to mobile #shorts #youtubeshorts,City Seva - Local Services in Etah,2023-07-01T14:54:40Z,https://www.youtube.com/watch?v=VuJ0__yiK3w,60,Germany,DE,youtube,medium,2026-02-09T05:15:39.456961
ğŸ¤‘ à®ªà®Ÿà¯à®œà¯†à®Ÿà¯à®² à®’à®°à¯ à®¨à®²à¯à®² Watch à®µà®¾à®™à¯à®•à®£à¯à®®à®¾...â“ï¸âœ¨ï¸#redmi #smartwatch #shorts,Tamil Tech - MrTT,2025-04-25T12:16:12Z,https://www.youtube.com/watch?v=-UCIKmbhTdM,100,France,DE,youtube,medium,2026-02-09T05:15:39.456961
Don&#39;t Missâš¡ï¸Top 5 Best Smartwatch Under 2000 In Feb 2026âš¡ï¸Best Smartwatch Under 1500 - 2000,Techarsh,2026-02-07T06:37:00Z,https://www.youtube.com/watch?v=g8owCw95Zug,90,France,DE,youtube,medium,2026-02-09T05:15:39.456961
boAt Best Selling Smart Watch Here !  boAt Storm Call 2 ||  #prasadtechintelugu,Prasadtechintelugu,2023-10-11T10:30:10Z,https://www.youtube.com/watch?v=Ij5J1Zho4qI,80,France,DE,youtube,medium,2026-02-09T05:15:39.456961
Ram Vs Shyam! Best Smartwatch in sale #shorts,Shreemani Tripathi,2025-09-30T13:55:22Z,https://www.youtube.com/watch?v=scMlS46c0sQ,70,France,DE,youtube,medium,2026-02-09T05:15:39.456961
How to connect noisefit smart watch to mobile #shorts #youtubeshorts,City Seva - Local Services in Etah,2023-07-01T14:54:40Z,https://www.youtube.com/watch?v=VuJ0__yiK3w,60,France,DE,youtube,medium,2026-02-09T05:15:39.456961
ğŸ¤‘ à®ªà®Ÿà¯à®œà¯†à®Ÿà¯à®² à®’à®°à¯ à®¨à®²à¯à®² Watch à®µà®¾à®™à¯à®•à®£à¯à®®à®¾...â“ï¸âœ¨ï¸#redmi #smartwatch #shorts,Tamil Tech - MrTT,2025-04-25T12:16:12Z,https://www.youtube.com/watch?v=-UCIKmbhTdM,100,Italy,DE,youtube,medium,2026-02-09T05:15:39.456961
Don&#39;t Missâš¡ï¸Top 5 Best Smartwatch Under 2000 In Feb 2026âš¡ï¸Best Smartwatch Under 1500 - 2000,Techarsh,2026-02-07T06:37:00Z,https://www.youtube.com/watch?v=g8owCw95Zug,90,Italy,DE,youtube,medium,2026-02-09T05:15:39.456961
boAt Best Selling Smart Watch Here !  boAt Storm Call 2 ||  #prasadtechintelugu,Prasadtechintelugu,2023-10-11T10:30:10Z,https://www.youtube.com/watch?v=Ij5J1Zho4qI,80,Italy,DE,youtube,medium,2026-02-09T05:15:39.456961
Ram Vs Shyam! Best Smartwatch in sale #shorts,Shreemani Tripathi,2025-09-30T13:55:22Z,https://www.youtube.com/watch?v=scMlS46c0sQ,70,Italy,DE,youtube,medium,2026-02-09T05:15:39.456961
How to connect noisefit smart watch to mobile #shorts #youtubeshorts,City Seva - Local Services in Etah,2023-07-01T14:54:40Z,https://www.youtube.com/watch?v=VuJ0__yiK3w,60,Italy,DE,youtube,medium,2026-02-09T05:15:39.456961
ğŸ¤‘ à®ªà®Ÿà¯à®œà¯†à®Ÿà¯à®² à®’à®°à¯ à®¨à®²à¯à®² Watch à®µà®¾à®™à¯à®•à®£à¯à®®à®¾...â“ï¸âœ¨ï¸#redmi #smartwatch #shorts,Tamil Tech - MrTT,2025-04-25T12:16:12Z,https://www.youtube.com/watch?v=-UCIKmbhTdM,100,Spain,DE,youtube,medium,2026-02-09T05:15:39.456961
Don&#39;t Missâš¡ï¸Top 5 Best Smartwatch Under 2000 In Feb 2026âš¡ï¸Best Smartwatch Under 1500 - 2000,Techarsh,2026-02-07T06:37:00Z,https://www.youtube.com/watch?v=g8owCw95Zug,90,Spain,DE,youtube,medium,2026-02-09T05:15:39.457961
boAt Best Selling Smart Watch Here !  boAt Storm Call 2 ||  #prasadtechintelugu,Prasadtechintelugu,2023-10-11T10:30:10Z,https://www.youtube.com/watch?v=Ij5J1Zho4qI,80,Spain,DE,youtube,medium,2026-02-09T05:15:39.457961
Ram Vs Shyam! Best Smartwatch in sale #shorts,Shreemani Tripathi,2025-09-30T13:55:22Z,https://www.youtube.com/watch?v=scMlS46c0sQ,70,Spain,DE,youtube,medium,2026-02-09T05:15:39.457961
How to connect noisefit smart watch to mobile #shorts #youtubeshorts,City Seva - Local Services in Etah,2023-07-01T14:54:40Z,https://www.youtube.com/watch?v=VuJ0__yiK3w,60,Spain,DE,youtube,medium,2026-02-09T05:15:39.457961
ğŸ¤‘ à®ªà®Ÿà¯à®œà¯†à®Ÿà¯à®² à®’à®°à¯ à®¨à®²à¯à®² Watch à®µà®¾à®™à¯à®•à®£à¯à®®à®¾...â“ï¸âœ¨ï¸#redmi #smartwatch #shorts,Tamil Tech - MrTT,2025-04-25T12:16:12Z,https://www.youtube.com/watch?v=-UCIKmbhTdM,100,Netherlands,DE,youtube,medium,2026-02-09T05:15:39.457961
Don&#39;t Missâš¡ï¸Top 5 Best Smartwatch Under 2000 In Feb 2026âš¡ï¸Best Smartwatch Under 1500 - 2000,Techarsh,2026-02-07T06:37:00Z,https://www.youtube.com/watch?v=g8owCw95Zug,90,Netherlands,DE,youtube,medium,2026-02-09T05:15:39.457961
boAt Best Selling Smart Watch Here !  boAt Storm Call 2 ||  #prasadtechintelugu,Prasadtechintelugu,2023-10-11T10:30:10Z,https://www.youtube.com/watch?v=Ij5J1Zho4qI,80,Netherlands,DE,youtube,medium,2026-02-09T05:15:39.457961
Ram Vs Shyam! Best Smartwatch in sale #shorts,Shreemani Tripathi,2025-09-30T13:55:22Z,https://www.youtube.com/watch?v=scMlS46c0sQ,70,Netherlands,DE,youtube,medium,2026-02-09T05:15:39.457961
How to connect noisefit smart watch to mobile #shorts #youtubeshorts,City Seva - Local Services in Etah,2023-07-01T14:54:40Z,https://www.youtube.com/watch?v=VuJ0__yiK3w,60,Netherlands,DE,youtube,medium,2026-02-09T05:15:39.457961
ğŸ¤‘ à®ªà®Ÿà¯à®œà¯†à®Ÿà¯à®² à®’à®°à¯ à®¨à®²à¯à®² Watch à®µà®¾à®™à¯à®•à®£à¯à®®à®¾...â“ï¸âœ¨ï¸#redmi #smartwatch #shorts,Tamil Tech - MrTT,2025-04-25T12:16:12Z,https://www.youtube.com/watch?v=-UCIKmbhTdM,100,Sweden,DE,youtube,medium,2026-02-09T05:15:39.457961
Don&#39;t Missâš¡ï¸Top 5 Best Smartwatch Under 2000 In Feb 2026âš¡ï¸Best Smartwatch Under 1500 - 2000,Techarsh,2026-02-07T06:37:00Z,https://www.youtube.com/watch?v=g8owCw95Zug,90,Sweden,DE,youtube,medium,2026-02-09T05:15:39.457961
boAt Best Selling Smart Watch Here !  boAt Storm Call 2 ||  #prasadtechintelugu,Prasadtechintelugu,2023-10-11T10:30:10Z,https://www.youtube.com/watch?v=Ij5J1Zho4qI,80,Sweden,DE,youtube,medium,2026-02-09T05:15:39.457961
Ram Vs Shyam! Best Smartwatch in sale #shorts,Shreemani Tripathi,2025-09-30T13:55:22Z,https://www.youtube.com/watch?v=scMlS46c0sQ,70,Sweden,DE,youtube,medium,2026-02-09T05:15:39.457961
How to connect noisefit smart watch to mobile #shorts #youtubeshorts,City Seva - Local Services in Etah,2023-07-01T14:54:40Z,https://www.youtube.com/watch?v=VuJ0__yiK3w,60,Sweden,DE,youtube,medium,2026-02-09T05:15:39.457961
ğŸ¤‘ à®ªà®Ÿà¯à®œà¯†à®Ÿà¯à®² à®’à®°à¯ à®¨à®²à¯à®² Watch à®µà®¾à®™à¯à®•à®£à¯à®®à®¾...â“ï¸âœ¨ï¸#redmi #smartwatch #shorts,Tamil Tech - MrTT,2025-04-25T12:16:12Z,https://www.youtube.com/watch?v=-UCIKmbhTdM,100,Poland,DE,youtube,medium,2026-02-09T05:15:39.457961
Don&#39;t Missâš¡ï¸Top 5 Best Smartwatch Under 2000 In Feb 2026âš¡ï¸Best Smartwatch Under 1500 - 2000,Techarsh,2026-02-07T06:37:00Z,https://www.youtube.com/watch?v=g8owCw95Zug,90,Poland,DE,youtube,medium,2026-02-09T05:15:39.457961
boAt Best Selling Smart Watch Here !  boAt Storm Call 2 ||  #prasadtechintelugu,Prasadtechintelugu,2023-10-11T10:30:10Z,https://www.youtube.com/watch?v=Ij5J1Zho4qI,80,Poland,DE,youtube,medium,2026-02-09T05:15:39.457961
Ram Vs Shyam! Best Smartwatch in sale #shorts,Shreemani Tripathi,2025-09-30T13:55:22Z,https://www.youtube.com/watch?v=scMlS46c0sQ,70,Poland,DE,youtube,medium,2026-02-09T05:15:39.457961
How to connect noisefit smart watch to mobile #shorts #youtubeshorts,City Seva - Local Services in Etah,2023-07-01T14:54:40Z,https://www.youtube.com/watch?v=VuJ0__yiK3w,60,Poland,DE,youtube,medium,2026-02-09T05:15:39.457961
çˆ†è£‚æ„›ã—ã¦ã‚‹,M!LK - Topic,2026-02-08T10:03:21Z,https://www.youtube.com/watch?v=20bYUQZOAeQ,347249,Japan,JP,youtube,high,2026-02-09T05:15:40.519975
ï¼‘å„„æœ¬ã‚’å£²ã‚Šä¸Šã’ãŸæœ€é«˜å‚‘ä½œã®ç¥ã‚²ãƒ¼ã€ Wii Sports ï¼† Wii Sports Resort ã€,ã‚­ãƒ¨ã€‚,2026-02-08T08:45:13Z,https://www.youtube.com/watch?v=Pe1nTf0Fe8M,745100,Japan,JP,youtube,high,2026-02-09T05:15:40.519975
ï¼LOVEï¼ˆã‚¤ã‚³ãƒ¼ãƒ«ãƒ©ãƒ–ï¼‰/ å¤ç¥­ã‚Šæ‹æ…•ã† - from 7th ANNIVERSARY PREMIUM CONCERT -ã€LIVE Ver. fullã€‘,ï¼LOVEï¼ˆã‚¤ã‚³ãƒ¼ãƒ«ãƒ©ãƒ–ï¼‰å…¬å¼ãƒãƒ£ãƒ³ãƒãƒ«,2026-02-08T13:00:47Z,https://www.youtube.com/watch?v=StTkKH5w-z4,62854,Japan,JP,youtube,high,2026-02-09T05:15:40.519975
å¿µé¡˜ã®Switch2ã‚’æ‰‹ã«å…¥ã‚ŒãŸå¥³ãŸã¡ãŒæœ¬æ°—ã§ãƒãƒªãƒ‘ã—ãŸã‚‰ææ€–æ˜ åƒã™ããŸwww,å¹³æˆãƒ•ãƒ©ãƒŸãƒ³ã‚´,2026-02-08T11:00:54Z,https://www.youtube.com/watch?v=ZsIZczdfKH0,372196,Japan,JP,youtube,high,2026-02-09T05:15:40.519975
SixTONES â€“ ä¸€ç§’ [YouTube ver.],SixTONES,2026-02-06T13:00:07Z,https://www.youtube.com/watch?v=OxcDfA7PU-g,2741161,Japan,JP,youtube,high,2026-02-09T05:15:40.519975
Minecraft Pro VS 1000 Players,Wemmbu,2026-02-07T14:00:14Z,https://www.youtube.com/watch?v=CLm57ZHTJvQ,3771302,Australia,AU,youtube,high,2026-02-09T05:15:41.576156
I Built the first moving base in official Rust...,Willjum,2026-02-07T20:35:32Z,https://www.youtube.com/watch?v=GBWgVZiPZzA,785435,Australia,AU,youtube,high,2026-02-09T05:15:41.576156
Supergirl | Home,DC,2026-02-08T19:59:10Z,https://www.youtube.com/watch?v=VoqjnU_wGJM,267049,Australia,AU,youtube,high,2026-02-09T05:15:41.576156
NO RAGE HERE | Baby Steps - Part 1,Markiplier,2026-02-07T19:45:46Z,https://www.youtube.com/watch?v=jS2ykSmI9FA,1617624,Australia,AU,youtube,high,2026-02-09T05:15:41.576156
ATEEZ(ì—ì´í‹°ì¦ˆ) - 'Adrenaline' Official MV,KQ ENTERTAINMENT,2026-02-06T05:00:01Z,https://www.youtube.com/watch?v=vqkfEUqjl6Y,14249269,Australia,AU,youtube,high,2026-02-09T05:15:41.576156
roblox best gameplay,StanRP,2026-02-09T00:50:27Z,https://www.youtube.com/watch?v=ezZlOYeLHOQ,884299,Canada,CA,youtube,high,2026-02-09T05:15:42.648262
Volare / Nothing Is Impossible Medley (Milano Cortina 2026 Olympic Winter Games Opening Ceremony),MariahCareyVEVO,2026-02-07T20:00:23Z,https://www.youtube.com/watch?v=i9mZIIi3tgE,465937,Canada,CA,youtube,high,2026-02-09T05:15:42.648262
ROBLOX DIG TO ESCAPE DETENTION!,Foltyn,2026-02-08T19:16:17Z,https://www.youtube.com/watch?v=YVC17r--Gjo,304700,Canada,CA,youtube,high,2026-02-09T05:15:42.648262
Olivia Dean - Man I Need (Live) | Spotify Best New Artist,Olivia Dean,2026-02-08T18:00:32Z,https://www.youtube.com/watch?v=S-mowvext3E,90948,Canada,CA,youtube,high,2026-02-09T05:15:42.648262
How many average gamers does it take to beat a Rocket League pro?,Ludwig,2026-02-08T18:07:56Z,https://www.youtube.com/watch?v=HOU-0SBG-HQ,227182,Canada,CA,youtube,high,2026-02-09T05:15:42.648262
FURIA x VITALITY | GRANDE FINAL | IEM KrakÃ³w 2026  - !socio - Siga @Gaules nas redes sociais!,Gaules,2026-02-09T00:54:29Z,https://www.youtube.com/watch?v=jQ7OgzjmMNM,1555165,Brazil,BR,youtube,high,2026-02-09T05:15:43.653522
GOZALO,gedam nesh - Topic,2026-02-08T01:47:05Z,https://www.youtube.com/watch?v=Es726XasQHU,450935,Brazil,BR,youtube,high,2026-02-09T05:15:43.653522
roblox best gameplay,StanRP,2026-02-09T00:50:27Z,https://www.youtube.com/watch?v=ezZlOYeLHOQ,884299,Brazil,BR,youtube,high,2026-02-09T05:15:43.653522
"PEGA A MALDADE DA BANDIDA - Dj Luan Gomes, Mc Ws da leste, Delleon",AMO FUNK,2026-02-08T13:52:19Z,https://www.youtube.com/watch?v=ePE8b0YNwRs,24493,Brazil,BR,youtube,high,2026-02-09T05:15:43.653522
COMPLETEI A COLEÃ‡ÃƒO DE ELEFANTES MAIS RARA DO BRAINROT ğŸ˜±ğŸ˜,Canal Clash War,2026-02-08T21:45:01Z,https://www.youtube.com/watch?v=oQhkwivTAvs,272492,Brazil,BR,youtube,high,2026-02-09T05:15:43.653522
SAMMY HIZO UN ADMIN ABUSE DE SAN VALENTIN PARA SUS AMIGOS Y ESTUVE YO! ğŸ’–,ElAbrahaham,2026-02-08T18:30:01Z,https://www.youtube.com/watch?v=-Fa-w30iRUo,736844,Mexico,MX,youtube,high,2026-02-09T05:15:44.773760
GOZALO,gedam nesh - Topic,2026-02-08T01:47:05Z,https://www.youtube.com/watch?v=Es726XasQHU,450935,Mexico,MX,youtube,high,2026-02-09T05:15:44.773760
"LA CAÃ‘A MAS ROTA DEL JUEGO (Minecraft Pokemon, Episodio 16)",Rubius Z,2026-02-08T18:30:48Z,https://www.youtube.com/watch?v=dPQc1rTAexM,934614,Mexico,MX,youtube,high,2026-02-09T05:15:44.773760
Shakira - Inevitable (Letra),The Best Flow,2026-02-08T14:00:06Z,https://www.youtube.com/watch?v=PbgIMwxrrw8,16577,Mexico,MX,youtube,high,2026-02-09T05:15:44.773760
MALDICIÃ“N del AMOR vs ISLA DESIERTA en Minecraft!,Dagar,2026-02-08T19:29:14Z,https://www.youtube.com/watch?v=KbONNjq-2go,570136,Mexico,MX,youtube,high,2026-02-09T05:15:44.773760
ğŸ¤‘ à®ªà®Ÿà¯à®œà¯†à®Ÿà¯à®² à®’à®°à¯ à®¨à®²à¯à®² Watch à®µà®¾à®™à¯à®•à®£à¯à®®à®¾...â“ï¸âœ¨ï¸#redmi #smartwatch #shorts,Tamil Tech - MrTT,2025-04-25T12:16:12Z,https://www.youtube.com/watch?v=-UCIKmbhTdM,100,Singapore,SG,youtube,medium,2026-02-09T05:15:49.340715
Don&#39;t Missâš¡ï¸Top 5 Best Smartwatch Under 2000 In Feb 2026âš¡ï¸Best Smartwatch Under 1500 - 2000,Techarsh,2026-02-07T06:37:00Z,https://www.youtube.com/watch?v=g8owCw95Zug,90,Singapore,SG,youtube,medium,2026-02-09T05:15:49.340715
boAt Best Selling Smart Watch Here !  boAt Storm Call 2 ||  #prasadtechintelugu,Prasadtechintelugu,2023-10-11T10:30:10Z,https://www.youtube.com/watch?v=Ij5J1Zho4qI,80,Singapore,SG,youtube,medium,2026-02-09T05:15:49.340715
Ram Vs Shyam! Best Smartwatch in sale #shorts,Shreemani Tripathi,2025-09-30T13:55:22Z,https://www.youtube.com/watch?v=scMlS46c0sQ,70,Singapore,SG,youtube,medium,2026-02-09T05:15:49.340715
How to connect noisefit smart watch to mobile #shorts #youtubeshorts,City Seva - Local Services in Etah,2023-07-01T14:54:40Z,https://www.youtube.com/watch?v=VuJ0__yiK3w,60,Singapore,SG,youtube,medium,2026-02-09T05:15:49.340715
How to insert download games  ğŸ˜± in T800 ultra smart watch âœ…ï¸ #video #videoviral #smartwatch,SMART GANESH,2025-07-19T05:57:00Z,https://www.youtube.com/watch?v=mp3VvXLqeEw,100,Saudi,AE,youtube,medium,2026-02-09T05:15:49.340715
Secret feature in Noise Colorfit Icon 2 smartwatch ğŸ¤” #noise #shorts,SuperHit Technical,2024-08-14T19:20:05Z,https://www.youtube.com/watch?v=1tAzNTTHEcE,90,Saudi,AE,youtube,medium,2026-02-09T05:15:49.340715
T800 ultra smart watch mein free fire laane ke liye secret number ğŸ‘#reels #explore #1millionviews,SAMEER BHAI VLOG,2024-01-21T11:06:58Z,https://www.youtube.com/watch?v=WATGwiLMemY,80,Saudi,AE,youtube,medium,2026-02-09T05:15:49.340715
NoiseFit Vortex ( Silver Grey ) Budget AMOLED SmartWatch #Unboxing #Shorts #Gadgets,WhySoTechie,2023-06-12T07:17:49Z,https://www.youtube.com/watch?v=ANVdslrq67s,70,Saudi,AE,youtube,medium,2026-02-09T05:15:49.340715
ğŸ¤‘ à®ªà®Ÿà¯à®œà¯†à®Ÿà¯à®² à®’à®°à¯ à®¨à®²à¯à®² Watch à®µà®¾à®™à¯à®•à®£à¯à®®à®¾...â“ï¸âœ¨ï¸#redmi #smartwatch #shorts,Tamil Tech - MrTT,2025-04-25T12:16:12Z,https://www.youtube.com/watch?v=-UCIKmbhTdM,60,Saudi,AE,youtube,medium,2026-02-09T05:15:49.340715
How to insert download games  ğŸ˜± in T800 ultra smart watch âœ…ï¸ #video #videoviral #smartwatch,SMART GANESH,2025-07-19T05:57:00Z,https://www.youtube.com/watch?v=mp3VvXLqeEw,100,Europe,GB,youtube,medium,2026-02-09T05:15:49.340715
Secret feature in Noise Colorfit Icon 2 smartwatch ğŸ¤” #noise #shorts,SuperHit Technical,2024-08-14T19:20:05Z,https://www.youtube.com/watch?v=1tAzNTTHEcE,90,Europe,GB,youtube,medium,2026-02-09T05:15:49.340715
NoiseFit Vortex ( Silver Grey ) Budget AMOLED SmartWatch #Unboxing #Shorts #Gadgets,WhySoTechie,2023-06-12T07:17:49Z,https://www.youtube.com/watch?v=ANVdslrq67s,80,Europe,GB,youtube,medium,2026-02-09T05:15:49.340715
T800 ultra smart watch mein free fire laane ke liye secret number ğŸ‘#reels #explore #1millionviews,SAMEER BHAI VLOG,2024-01-21T11:06:58Z,https://www.youtube.com/watch?v=WATGwiLMemY,70,Europe,GB,youtube,medium,2026-02-09T05:15:49.340715
ğŸ¤‘ à®ªà®Ÿà¯à®œà¯†à®Ÿà¯à®² à®’à®°à¯ à®¨à®²à¯à®² Watch à®µà®¾à®™à¯à®•à®£à¯à®®à®¾...â“ï¸âœ¨ï¸#redmi #smartwatch #shorts,Tamil Tech - MrTT,2025-04-25T12:16:12Z,https://www.youtube.com/watch?v=-UCIKmbhTdM,60,Europe,GB,youtube,medium,2026-02-09T05:15:49.340715
How to insert download games  ğŸ˜± in T800 ultra smart watch âœ…ï¸ #video #videoviral #smartwatch,SMART GANESH,2025-07-19T05:57:00Z,https://www.youtube.com/watch?v=mp3VvXLqeEw,100,Iceland,GB,youtube,medium,2026-02-09T05:15:49.340715
Secret feature in Noise Colorfit Icon 2 smartwatch ğŸ¤” #noise #shorts,SuperHit Technical,2024-08-14T19:20:05Z,https://www.youtube.com/watch?v=1tAzNTTHEcE,90,Iceland,GB,youtube,medium,2026-02-09T05:15:49.340715
NoiseFit Vortex ( Silver Grey ) Budget AMOLED SmartWatch #Unboxing #Shorts #Gadgets,WhySoTechie,2023-06-12T07:17:49Z,https://www.youtube.com/watch?v=ANVdslrq67s,80,Iceland,GB,youtube,medium,2026-02-09T05:15:49.340715
T800 ultra smart watch mein free fire laane ke liye secret number ğŸ‘#reels #explore #1millionviews,SAMEER BHAI VLOG,2024-01-21T11:06:58Z,https://www.youtube.com/watch?v=WATGwiLMemY,70,Iceland,GB,youtube,medium,2026-02-09T05:15:49.340715
ğŸ¤‘ à®ªà®Ÿà¯à®œà¯†à®Ÿà¯à®² à®’à®°à¯ à®¨à®²à¯à®² Watch à®µà®¾à®™à¯à®•à®£à¯à®®à®¾...â“ï¸âœ¨ï¸#redmi #smartwatch #shorts,Tamil Tech - MrTT,2025-04-25T12:16:12Z,https://www.youtube.com/watch?v=-UCIKmbhTdM,60,Iceland,GB,youtube,medium,2026-02-09T05:15:49.340715
ğŸ¤‘ à®ªà®Ÿà¯à®œà¯†à®Ÿà¯à®² à®’à®°à¯ à®¨à®²à¯à®² Watch à®µà®¾à®™à¯à®•à®£à¯à®®à®¾...â“ï¸âœ¨ï¸#redmi #smartwatch #shorts,Tamil Tech - MrTT,2025-04-25T12:16:12Z,https://www.youtube.com/watch?v=-UCIKmbhTdM,100,Nigeria,ZA,youtube,medium,2026-02-09T05:15:53.786153
Ram Vs Shyam! Best Smartwatch in sale #shorts,Shreemani Tripathi,2025-09-30T13:55:22Z,https://www.youtube.com/watch?v=scMlS46c0sQ,90,Nigeria,ZA,youtube,medium,2026-02-09T05:15:53.786153
Don&#39;t Missâš¡ï¸Top 5 Best Smartwatch Under 2000 In Feb 2026âš¡ï¸Best Smartwatch Under 1500 - 2000,Techarsh,2026-02-07T06:37:00Z,https://www.youtube.com/watch?v=g8owCw95Zug,80,Nigeria,ZA,youtube,medium,2026-02-09T05:15:53.786153
Xiaomi Smart Band 9 Unboxing,Daniel Sin,2024-09-30T22:38:10Z,https://www.youtube.com/watch?v=JPa1zuVPY_M,70,Nigeria,ZA,youtube,medium,2026-02-09T05:15:53.786153
TOP 5 âš¡Best Smartwatch Under â‚¹1000 in India ğŸ”¥| Best Smart watch under 1000 ğŸ”¥ #smartwatch,Smart Supporter,2025-09-13T08:50:54Z,https://www.youtube.com/watch?v=CByvayo_2Wk,60,Nigeria,ZA,youtube,medium,2026-02-09T05:15:53.786153
ğŸ¤‘ à®ªà®Ÿà¯à®œà¯†à®Ÿà¯à®² à®’à®°à¯ à®¨à®²à¯à®² Watch à®µà®¾à®™à¯à®•à®£à¯à®®à®¾...â“ï¸âœ¨ï¸#redmi #smartwatch #shorts,Tamil Tech - MrTT,2025-04-25T12:16:12Z,https://www.youtube.com/watch?v=-UCIKmbhTdM,100,Ghana,ZA,youtube,medium,2026-02-09T05:15:53.786153
Ram Vs Shyam! Best Smartwatch in sale #shorts,Shreemani Tripathi,2025-09-30T13:55:22Z,https://www.youtube.com/watch?v=scMlS46c0sQ,90,Ghana,ZA,youtube,medium,2026-02-09T05:15:53.786153
Don&#39;t Missâš¡ï¸Top 5 Best Smartwatch Under 2000 In Feb 2026âš¡ï¸Best Smartwatch Under 1500 - 2000,Techarsh,2026-02-07T06:37:00Z,https://www.youtube.com/watch?v=g8owCw95Zug,80,Ghana,ZA,youtube,medium,2026-02-09T05:15:53.786153
Xiaomi Smart Band 9 Unboxing,Daniel Sin,2024-09-30T22:38:10Z,https://www.youtube.com/watch?v=JPa1zuVPY_M,70,Ghana,ZA,youtube,medium,2026-02-09T05:15:53.786153
TOP 5 âš¡Best Smartwatch Under â‚¹1000 in India ğŸ”¥| Best Smart watch under 1000 ğŸ”¥ #smartwatch,Smart Supporter,2025-09-13T08:50:54Z,https://www.youtube.com/watch?v=CByvayo_2Wk,60,Ghana,ZA,youtube,medium,2026-02-09T05:15:53.786153
ğŸ¤‘ à®ªà®Ÿà¯à®œà¯†à®Ÿà¯à®² à®’à®°à¯ à®¨à®²à¯à®² Watch à®µà®¾à®™à¯à®•à®£à¯à®®à®¾...â“ï¸âœ¨ï¸#redmi #smartwatch #shorts,Tamil Tech - MrTT,2025-04-25T12:16:12Z,https://www.youtube.com/watch?v=-UCIKmbhTdM,100,Kenya,ZA,youtube,medium,2026-02-09T05:15:53.786153
Ram Vs Shyam! Best Smartwatch in sale #shorts,Shreemani Tripathi,2025-09-30T13:55:22Z,https://www.youtube.com/watch?v=scMlS46c0sQ,90,Kenya,ZA,youtube,medium,2026-02-09T05:15:53.786153
Don&#39;t Missâš¡ï¸Top 5 Best Smartwatch Under 2000 In Feb 2026âš¡ï¸Best Smartwatch Under 1500 - 2000,Techarsh,2026-02-07T06:37:00Z,https://www.youtube.com/watch?v=g8owCw95Zug,80,Kenya,ZA,youtube,medium,2026-02-09T05:15:53.786153
Xiaomi Smart Band 9 Unboxing,Daniel Sin,2024-09-30T22:38:10Z,https://www.youtube.com/watch?v=JPa1zuVPY_M,70,Kenya,ZA,youtube,medium,2026-02-09T05:15:53.786153
TOP 5 âš¡Best Smartwatch Under â‚¹1000 in India ğŸ”¥| Best Smart watch under 1000 ğŸ”¥ #smartwatch,Smart Supporter,2025-09-13T08:50:54Z,https://www.youtube.com/watch?v=CByvayo_2Wk,60,Kenya,ZA,youtube,medium,2026-02-09T05:15:53.786153
ğŸ¤‘ à®ªà®Ÿà¯à®œà¯†à®Ÿà¯à®² à®’à®°à¯ à®¨à®²à¯à®² Watch à®µà®¾à®™à¯à®•à®£à¯à®®à®¾...â“ï¸âœ¨ï¸#redmi #smartwatch #shorts,Tamil Tech - MrTT,2025-04-25T12:16:12Z,https://www.youtube.com/watch?v=-UCIKmbhTdM,100,South Africa,ZA,youtube,medium,2026-02-09T05:15:53.786153
Ram Vs Shyam! Best Smartwatch in sale #shorts,Shreemani Tripathi,2025-09-30T13:55:22Z,https://www.youtube.com/watch?v=scMlS46c0sQ,90,South Africa,ZA,youtube,medium,2026-02-09T05:15:53.786153
Don&#39;t Missâš¡ï¸Top 5 Best Smartwatch Under 2000 In Feb 2026âš¡ï¸Best Smartwatch Under 1500 - 2000,Techarsh,2026-02-07T06:37:00Z,https://www.youtube.com/watch?v=g8owCw95Zug,80,South Africa,ZA,youtube,medium,2026-02-09T05:15:53.786153
Xiaomi Smart Band 9 Unboxing,Daniel Sin,2024-09-30T22:38:10Z,https://www.youtube.com/watch?v=JPa1zuVPY_M,70,South Africa,ZA,youtube,medium,2026-02-09T05:15:53.786153
TOP 5 âš¡Best Smartwatch Under â‚¹1000 in India ğŸ”¥| Best Smart watch under 1000 ğŸ”¥ #smartwatch,Smart Supporter,2025-09-13T08:50:54Z,https://www.youtube.com/watch?v=CByvayo_2Wk,60,South Africa,ZA,youtube,medium,2026-02-09T05:15:53.786153
ATTACKING ON A LUXURY HOTEL | GTA 5 GAMEPLAY #163,Techno Gamerz,2026-02-07T15:30:15Z,https://www.youtube.com/watch?v=Ly72G5N-G9c,7554401,Bangladesh,IN,youtube,high,2026-02-09T05:15:53.786153
"100,000 UC WITHERBLOOM HONEY BADGER OPENING | JONATHAN IS BACK!! | BGMI!",JONATHAN GAMING,2026-02-07T23:31:21Z,https://www.youtube.com/watch?v=hSM-wrCb51k,1846267,Bangladesh,IN,youtube,high,2026-02-09T05:15:53.786153
I Solved GTA 5's Biggest Mystery With Michael,Mythpat,2026-02-07T05:41:19Z,https://www.youtube.com/watch?v=c-I-jXpGuOk,1537315,Bangladesh,IN,youtube,high,2026-02-09T05:15:53.786153
We Found the Scary 67 Brainrot Tunnel in Minecraft..,Karry Kraft,2026-02-08T09:09:52Z,https://www.youtube.com/watch?v=46pWqk1FScM,550964,Bangladesh,IN,youtube,high,2026-02-09T05:15:53.786153
"BORDER 2: Mitti Ke Bete (Full Video)| Sunny Deol | Varun D,Diljit,Ahan |Mithoon |Sonu Nigam |Manoj M",T-Series,2026-02-07T08:30:10Z,https://www.youtube.com/watch?v=XB6va4bR0-s,795436,Bangladesh,IN,youtube,high,2026-02-09T05:15:53.786153
ATTACKING ON A LUXURY HOTEL | GTA 5 GAMEPLAY #163,Techno Gamerz,2026-02-07T15:30:15Z,https://www.youtube.com/watch?v=Ly72G5N-G9c,7554401,Sri Lanka,IN,youtube,high,2026-02-09T05:15:53.786153
"100,000 UC WITHERBLOOM HONEY BADGER OPENING | JONATHAN IS BACK!! | BGMI!",JONATHAN GAMING,2026-02-07T23:31:21Z,https://www.youtube.com/watch?v=hSM-wrCb51k,1846267,Sri Lanka,IN,youtube,high,2026-02-09T05:15:53.786153
I Solved GTA 5's Biggest Mystery With Michael,Mythpat,2026-02-07T05:41:19Z,https://www.youtube.com/watch?v=c-I-jXpGuOk,1537315,Sri Lanka,IN,youtube,high,2026-02-09T05:15:53.786153
We Found the Scary 67 Brainrot Tunnel in Minecraft..,Karry Kraft,2026-02-08T09:09:52Z,https://www.youtube.com/watch?v=46pWqk1FScM,550964,Sri Lanka,IN,youtube,high,2026-02-09T05:15:53.786153
"BORDER 2: Mitti Ke Bete (Full Video)| Sunny Deol | Varun D,Diljit,Ahan |Mithoon |Sonu Nigam |Manoj M",T-Series,2026-02-07T08:30:10Z,https://www.youtube.com/watch?v=XB6va4bR0-s,795436,Sri Lanka,IN,youtube,high,2026-02-09T05:15:53.786153
How to insert download games  ğŸ˜± in T800 ultra smart watch âœ…ï¸ #video #videoviral #smartwatch,SMART GANESH,2025-07-19T05:57:00Z,https://www.youtube.com/watch?v=mp3VvXLqeEw,100,Qatar,AE,youtube,medium,2026-02-09T05:15:53.786153
Secret feature in Noise Colorfit Icon 2 smartwatch ğŸ¤” #noise #shorts,SuperHit Technical,2024-08-14T19:20:05Z,https://www.youtube.com/watch?v=1tAzNTTHEcE,90,Qatar,AE,youtube,medium,2026-02-09T05:15:53.786153
T800 ultra smart watch mein free fire laane ke liye secret number ğŸ‘#reels #explore #1millionviews,SAMEER BHAI VLOG,2024-01-21T11:06:58Z,https://www.youtube.com/watch?v=WATGwiLMemY,80,Qatar,AE,youtube,medium,2026-02-09T05:15:53.786153
NoiseFit Vortex ( Silver Grey ) Budget AMOLED SmartWatch #Unboxing #Shorts #Gadgets,WhySoTechie,2023-06-12T07:17:49Z,https://www.youtube.com/watch?v=ANVdslrq67s,70,Qatar,AE,youtube,medium,2026-02-09T05:15:53.786153
ğŸ¤‘ à®ªà®Ÿà¯à®œà¯†à®Ÿà¯à®² à®’à®°à¯ à®¨à®²à¯à®² Watch à®µà®¾à®™à¯à®•à®£à¯à®®à®¾...â“ï¸âœ¨ï¸#redmi #smartwatch #shorts,Tamil Tech - MrTT,2025-04-25T12:16:12Z,https://www.youtube.com/watch?v=-UCIKmbhTdM,60,Qatar,AE,youtube,medium,2026-02-09T05:15:53.786153
How to insert download games  ğŸ˜± in T800 ultra smart watch âœ…ï¸ #video #videoviral #smartwatch,SMART GANESH,2025-07-19T05:57:00Z,https://www.youtube.com/watch?v=mp3VvXLqeEw,100,Kuwait Abroad,AE,youtube,medium,2026-02-09T05:15:53.786153
Secret feature in Noise Colorfit Icon 2 smartwatch ğŸ¤” #noise #shorts,SuperHit Technical,2024-08-14T19:20:05Z,https://www.youtube.com/watch?v=1tAzNTTHEcE,90,Kuwait Abroad,AE,youtube,medium,2026-02-09T05:15:53.786153
T800 ultra smart watch mein free fire laane ke liye secret number ğŸ‘#reels #explore #1millionviews,SAMEER BHAI VLOG,2024-01-21T11:06:58Z,https://www.youtube.com/watch?v=WATGwiLMemY,80,Kuwait Abroad,AE,youtube,medium,2026-02-09T05:15:53.786153
NoiseFit Vortex ( Silver Grey ) Budget AMOLED SmartWatch #Unboxing #Shorts #Gadgets,WhySoTechie,2023-06-12T07:17:49Z,https://www.youtube.com/watch?v=ANVdslrq67s,70,Kuwait Abroad,AE,youtube,medium,2026-02-09T05:15:53.786153
ğŸ¤‘ à®ªà®Ÿà¯à®œà¯†à®Ÿà¯à®² à®’à®°à¯ à®¨à®²à¯à®² Watch à®µà®¾à®™à¯à®•à®£à¯à®®à®¾...â“ï¸âœ¨ï¸#redmi #smartwatch #shorts,Tamil Tech - MrTT,2025-04-25T12:16:12Z,https://www.youtube.com/watch?v=-UCIKmbhTdM,60,Kuwait Abroad,AE,youtube,medium,2026-02-09T05:15:53.786153
How to insert download games  ğŸ˜± in T800 ultra smart watch âœ…ï¸ #video #videoviral #smartwatch,SMART GANESH,2025-07-19T05:57:00Z,https://www.youtube.com/watch?v=mp3VvXLqeEw,100,Oman,AE,youtube,medium,2026-02-09T05:15:53.786153
Secret feature in Noise Colorfit Icon 2 smartwatch ğŸ¤” #noise #shorts,SuperHit Technical,2024-08-14T19:20:05Z,https://www.youtube.com/watch?v=1tAzNTTHEcE,90,Oman,AE,youtube,medium,2026-02-09T05:15:53.786153
T800 ultra smart watch mein free fire laane ke liye secret number ğŸ‘#reels #explore #1millionviews,SAMEER BHAI VLOG,2024-01-21T11:06:58Z,https://www.youtube.com/watch?v=WATGwiLMemY,80,Oman,AE,youtube,medium,2026-02-09T05:15:53.786153
NoiseFit Vortex ( Silver Grey ) Budget AMOLED SmartWatch #Unboxing #Shorts #Gadgets,WhySoTechie,2023-06-12T07:17:49Z,https://www.youtube.com/watch?v=ANVdslrq67s,70,Oman,AE,youtube,medium,2026-02-09T05:15:53.786153
ğŸ¤‘ à®ªà®Ÿà¯à®œà¯†à®Ÿà¯à®² à®’à®°à¯ à®¨à®²à¯à®² Watch à®µà®¾à®™à¯à®•à®£à¯à®®à®¾...â“ï¸âœ¨ï¸#redmi #smartwatch #shorts,Tamil Tech - MrTT,2025-04-25T12:16:12Z,https://www.youtube.com/watch?v=-UCIKmbhTdM,60,Oman,AE,youtube,medium,2026-02-09T05:15:53.786153
How to insert download games  ğŸ˜± in T800 ultra smart watch âœ…ï¸ #video #videoviral #smartwatch,SMART GANESH,2025-07-19T05:57:00Z,https://www.youtube.com/watch?v=mp3VvXLqeEw,100,Jordan,AE,youtube,medium,2026-02-09T05:15:53.786153
Secret feature in Noise Colorfit Icon 2 smartwatch ğŸ¤” #noise #shorts,SuperHit Technical,2024-08-14T19:20:05Z,https://www.youtube.com/watch?v=1tAzNTTHEcE,90,Jordan,AE,youtube,medium,2026-02-09T05:15:53.786153
T800 ultra smart watch mein free fire laane ke liye secret number ğŸ‘#reels #explore #1millionviews,SAMEER BHAI VLOG,2024-01-21T11:06:58Z,https://www.youtube.com/watch?v=WATGwiLMemY,80,Jordan,AE,youtube,medium,2026-02-09T05:15:53.786153
NoiseFit Vortex ( Silver Grey ) Budget AMOLED SmartWatch #Unboxing #Shorts #Gadgets,WhySoTechie,2023-06-12T07:17:49Z,https://www.youtube.com/watch?v=ANVdslrq67s,70,Jordan,AE,youtube,medium,2026-02-09T05:15:53.786153
ğŸ¤‘ à®ªà®Ÿà¯à®œà¯†à®Ÿà¯à®² à®’à®°à¯ à®¨à®²à¯à®² Watch à®µà®¾à®™à¯à®•à®£à¯à®®à®¾...â“ï¸âœ¨ï¸#redmi #smartwatch #shorts,Tamil Tech - MrTT,2025-04-25T12:16:12Z,https://www.youtube.com/watch?v=-UCIKmbhTdM,60,Jordan,AE,youtube,medium,2026-02-09T05:15:53.786153
ğŸ¤‘ à®ªà®Ÿà¯à®œà¯†à®Ÿà¯à®² à®’à®°à¯ à®¨à®²à¯à®² Watch à®µà®¾à®™à¯à®•à®£à¯à®®à®¾...â“ï¸âœ¨ï¸#redmi #smartwatch #shorts,Tamil Tech - MrTT,2025-04-25T12:16:12Z,https://www.youtube.com/watch?v=-UCIKmbhTdM,100,Indonesia,SG,youtube,medium,2026-02-09T05:15:53.786153
Don&#39;t Missâš¡ï¸Top 5 Best Smartwatch Under 2000 In Feb 2026âš¡ï¸Best Smartwatch Under 1500 - 2000,Techarsh,2026-02-07T06:37:00Z,https://www.youtube.com/watch?v=g8owCw95Zug,90,Indonesia,SG,youtube,medium,2026-02-09T05:15:53.786153
boAt Best Selling Smart Watch Here !  boAt Storm Call 2 ||  #prasadtechintelugu,Prasadtechintelugu,2023-10-11T10:30:10Z,https://www.youtube.com/watch?v=Ij5J1Zho4qI,80,Indonesia,SG,youtube,medium,2026-02-09T05:15:53.786153
Ram Vs Shyam! Best Smartwatch in sale #shorts,Shreemani Tripathi,2025-09-30T13:55:22Z,https://www.youtube.com/watch?v=scMlS46c0sQ,70,Indonesia,SG,youtube,medium,2026-02-09T05:15:53.786153
How to connect noisefit smart watch to mobile #shorts #youtubeshorts,City Seva - Local Services in Etah,2023-07-01T14:54:40Z,https://www.youtube.com/watch?v=VuJ0__yiK3w,60,Indonesia,SG,youtube,medium,2026-02-09T05:15:53.786153
ğŸ¤‘ à®ªà®Ÿà¯à®œà¯†à®Ÿà¯à®² à®’à®°à¯ à®¨à®²à¯à®² Watch à®µà®¾à®™à¯à®•à®£à¯à®®à®¾...â“ï¸âœ¨ï¸#redmi #smartwatch #shorts,Tamil Tech - MrTT,2025-04-25T12:16:12Z,https://www.youtube.com/watch?v=-UCIKmbhTdM,100,Malaysia,SG,youtube,medium,2026-02-09T05:15:53.786153
Don&#39;t Missâš¡ï¸Top 5 Best Smartwatch Under 2000 In Feb 2026âš¡ï¸Best Smartwatch Under 1500 - 2000,Techarsh,2026-02-07T06:37:00Z,https://www.youtube.com/watch?v=g8owCw95Zug,90,Malaysia,SG,youtube,medium,2026-02-09T05:15:53.786153
boAt Best Selling Smart Watch Here !  boAt Storm Call 2 ||  #prasadtechintelugu,Prasadtechintelugu,2023-10-11T10:30:10Z,https://www.youtube.com/watch?v=Ij5J1Zho4qI,80,Malaysia,SG,youtube,medium,2026-02-09T05:15:53.786153
Ram Vs Shyam! Best Smartwatch in sale #shorts,Shreemani Tripathi,2025-09-30T13:55:22Z,https://www.youtube.com/watch?v=scMlS46c0sQ,70,Malaysia,SG,youtube,medium,2026-02-09T05:15:53.786153
How to connect noisefit smart watch to mobile #shorts #youtubeshorts,City Seva - Local Services in Etah,2023-07-01T14:54:40Z,https://www.youtube.com/watch?v=VuJ0__yiK3w,60,Malaysia,SG,youtube,medium,2026-02-09T05:15:53.786153
ğŸ¤‘ à®ªà®Ÿà¯à®œà¯†à®Ÿà¯à®² à®’à®°à¯ à®¨à®²à¯à®² Watch à®µà®¾à®™à¯à®•à®£à¯à®®à®¾...â“ï¸âœ¨ï¸#redmi #smartwatch #shorts,Tamil Tech - MrTT,2025-04-25T12:16:12Z,https://www.youtube.com/watch?v=-UCIKmbhTdM,100,Thailand,SG,youtube,medium,2026-02-09T05:15:53.786153
Don&#39;t Missâš¡ï¸Top 5 Best Smartwatch Under 2000 In Feb 2026âš¡ï¸Best Smartwatch Under 1500 - 2000,Techarsh,2026-02-07T06:37:00Z,https://www.youtube.com/watch?v=g8owCw95Zug,90,Thailand,SG,youtube,medium,2026-02-09T05:15:53.786153
boAt Best Selling Smart Watch Here !  boAt Storm Call 2 ||  #prasadtechintelugu,Prasadtechintelugu,2023-10-11T10:30:10Z,https://www.youtube.com/watch?v=Ij5J1Zho4qI,80,Thailand,SG,youtube,medium,2026-02-09T05:15:53.786153
Ram Vs Shyam! Best Smartwatch in sale #shorts,Shreemani Tripathi,2025-09-30T13:55:22Z,https://www.youtube.com/watch?v=scMlS46c0sQ,70,Thailand,SG,youtube,medium,2026-02-09T05:15:53.786153
How to connect noisefit smart watch to mobile #shorts #youtubeshorts,City Seva - Local Services in Etah,2023-07-01T14:54:40Z,https://www.youtube.com/watch?v=VuJ0__yiK3w,60,Thailand,SG,youtube,medium,2026-02-09T05:15:53.786153
ğŸ¤‘ à®ªà®Ÿà¯à®œà¯†à®Ÿà¯à®² à®’à®°à¯ à®¨à®²à¯à®² Watch à®µà®¾à®™à¯à®•à®£à¯à®®à®¾...â“ï¸âœ¨ï¸#redmi #smartwatch #shorts,Tamil Tech - MrTT,2025-04-25T12:16:12Z,https://www.youtube.com/watch?v=-UCIKmbhTdM,100,Vietnam,SG,youtube,medium,2026-02-09T05:15:53.786153
Don&#39;t Missâš¡ï¸Top 5 Best Smartwatch Under 2000 In Feb 2026âš¡ï¸Best Smartwatch Under 1500 - 2000,Techarsh,2026-02-07T06:37:00Z,https://www.youtube.com/watch?v=g8owCw95Zug,90,Vietnam,SG,youtube,medium,2026-02-09T05:15:53.786153
boAt Best Selling Smart Watch Here !  boAt Storm Call 2 ||  #prasadtechintelugu,Prasadtechintelugu,2023-10-11T10:30:10Z,https://www.youtube.com/watch?v=Ij5J1Zho4qI,80,Vietnam,SG,youtube,medium,2026-02-09T05:15:53.786153
Ram Vs Shyam! Best Smartwatch in sale #shorts,Shreemani Tripathi,2025-09-30T13:55:22Z,https://www.youtube.com/watch?v=scMlS46c0sQ,70,Vietnam,SG,youtube,medium,2026-02-09T05:15:53.786153
How to connect noisefit smart watch to mobile #shorts #youtubeshorts,City Seva - Local Services in Etah,2023-07-01T14:54:40Z,https://www.youtube.com/watch?v=VuJ0__yiK3w,60,Vietnam,SG,youtube,medium,2026-02-09T05:15:53.786153
